Transaction Hash,Chain
0x0cc143ccf3316d47b36a2e45577922f4ebe2374966bb22c1e9cf49c747d46396,Ethereum
0xb3f067618ce54bc26a960b660cfc28f9ea0315e2e9a1a855ede1508eb4017376,Ethereum
0x397a09af6494c0bfcd89e010f5dd65d90f3ee1cf1ff813ce5b0c1d42a1c8dec9,BSC
0x01c0f189cb136d23db7280a53b03c0703d70cbf175c7c1f5f393f1a866042adb,BSC
0xd40f402c79c706de7cdbd2389a6c92d033d25b754291a616f66e94bcfc5cdd80,BSC
0x849ed7f687cc2ebd1f7c4bed0849893e829a74f512b7f4a18aea39a3ef4d83b1,BSC
0x4079c35e5480adeb224123637e73176fe78d0466a63da18ba8c155ce45b63800,BSC
0xf5fc6313dc5477c4fe16a41adcdb4405f54bd6b81598aa9154ca33beaae7d5f3,BSC
0x9fb39ad8fdcac35b07613fb8fa520605ec11596550a966cd252464248d4fe7ec,BSC
0xbfb9b3b8a0d3c589a02f06c516b5c7b7569739edd00f9836645080f2148aefc7,BSC
0x660837a1640dd9cc0561ab7ff6c85325edebfa17d8b11a3bb94457ba6dcae18c,BSC
0xd2315b2bb357199dc115e7cd2af45d5975529d0d996a279baaa8f2f8ff7a46c2,BSC
0xc0e73cf619b351d4f2f0997b731d55d26695c383a2114cf15e134d24099c479e,BSC
0x5c51123d93e26c34e0a96be582c2f8602b31a57f49ba50e3d22972dc0e729da2,BSC
0x404caef2a7eab0c35d3e4770fb950373304f5c9d109281c2f56d09bbf5aaccac,BSC
0x4676c2b9355a95e3648dfd8f5d14a7936f8e5cb3bf2bdb0f353b57f78e1bda72,BSC
0xc4ecdbc170978c41371f7e85c5b6040b5faf7645b74748854ebe65a8b84d8ab0,BSC
0x0075735bee1459ae953167bd214bec9f8e8709a453b63e35c032b335138df806,BSC
0xb18b135d9c41166ea4c3031df9517b5d4ca64ed3c24d3aad77b1e18ad247e231,BSC
0x4c795571453554a9ce7b4abde60c9ab75042772a7a69cec44071b0a63cc1ffcf,BSC
0x8be02bc90ed4fb349184460d6b72cdf027b1923bc7bc87d4e76018519c3e2727,BSC
0xc96942c7fe07b3e53d19485e44399610e0f2672f99bfdade4745b506f2d73a7a,BSC
0xfad54c52a768621dab2e170fdef1ecf40ea23f536d096f24719ec68b41678b42,BSC
0x752ff0e175140e0b3788827cf774c01d5ac4c673de7a92c5e208bfbc5cc34a1b,BSC
0x9dcd1518a71e452e22acaef5414674e8d2f82c33c7bb29f2a0014c986d3d27a5,BSC
0xb515b88c7bd78c8da3908e19ae4cbd802d3853ad0a52bbbbd8b10be2fe126a91,BSC
0xca0307838b61309b3dd80fc75b1b511197873a01171354bee38b1f6ba14fbd80,BSC
0xd6c62aff9fdecd0a1a7c449f8fbaa4ce7b2ab513f43abef7145486bb76592897,BSC
0xb8f0ced4153dd4870b6998293a07697f4caafa813e91beb2fb1c539408841aa3,BSC
0x74f32cfb3dcf92d1b68d27daeb2001f400ab7341baa67c6050baf9794a45ce7f,BSC
0x9f8c22011fee8e0770f569fabec635ac6cd08c4b4b2409ca8f915a1353fc1321,BSC
0x158975da15b43aeb8441e5df56de77deafae4a9143a984c140ec9b7d596ead05,BSC
0x30a57c50690deb8142aed89c71746874a74af21c3d4b1dda49ad286664dd5eb7,Ethereum
0x2c0ada695a507d7a03f4f308f545c7db4847b2b2c82de79e702d655d8c95dadb,BSC
0xe2912b8bf34d561983f2ae95f34e33ecc7792a2905a3e317fcc98052bce66431,Ethereum
0x3452cb4060d87e5db10c9cb032779b441a4cc97b1cd0fb50a1a41cab7ca78cd5,BSC
0xeeb330352ecd3e4e08cb15809867fbceeebfffb0200096e90282e94929902293,BSC
0xcd52f1234c3dd344a5815a5c9cc70e9740c8573441192fad3463fda6e773b984,BSC
0x1322b894ca277f7ffbd8f941d32562ed757caf485012478ac65f551ee8906a71,BSC
0xe4992bfc8625b0952a9c23802c9552741ffe44585c5941654a604436e4a3eade,BSC
0x931830f4b00aac250cfa5bc4c30ed132eab15b88323b242aa5ede4cc79dcce26,Ethereum
0xea88dc6dbd81d09c572b5849e0d4508598edcf8f11c9a995cd8fe7e6c194f39e,BSC
0x130c63702d1b4b8559ce2bb0538ba7d2126c7afbb3b31f9dfd73ce4393794de8,BSC
0x4b59af93ad93ae7dc7dcad440ffa5570a354e2c42e81415e2cf64697f8f57edd,BSC
0xe158a2b93aae08a5e001bc697d4c527e49a05972780c6af2319eb04b7322bd72,BSC
0x599428487495327dfc46469c773334020ec262720843636c9d99ed93fe625f24,BSC
0x2e9ceb1669cd85c97e667c0e4dcb2834a883a1adb554f1eb5421c706410b3ab4,BSC
0x8c2c9105e53af1c1d35d1b4a3d3c61870ed07b7b331d017588d656992c756f2a,BSC
0xf410a304109e498fab12d0198cc36f3d5f951d39d506bdd954eca4d843778c38,Ethereum
0x8ef3765665cd849cdf9132ab37caf6aa0f891e1f7d9f418f86a6ab6ea38b6f5b,BSC
0xa9fa04b033afbed2218679aea92e9429a5f7839d0b4c65358ebf9ba20efcd021,BSC
0x702cd4999e143679e55abf43f3b42077abe93d992825c2fb91ccf29b9aaae05d,BSC
0x5a15fdc57c35f2305aaa0bb95b109ad412b17406d737d137190fe5867393339d,BSC
0xfefdce77af01d98ecc29e91847e88f859323afcde6082e6259c06c630ccfcf10,BSC
0x9cb9961cf3b3db20bef818b2070a161cf11d4ae397b4b144c62d787480f265cc,BSC
0x9f8777beaafc3490ebff58030f739ee637ad1a78759c3dd3ddc99ccda113dd76,BSC
0x2e3d4332f66a334e0170187011ed673dc222f95bf4443b618e08f8052437ef7a,BSC
0x8a9585d1e09f72e5cb2a9151dc7e06607b55e65340ec41cdb794b43baf242056,BSC
0xa17fdb804728f226fcd10e78eae5247abd984e0f03301312315b89cae25aa517,Ethereum
0x15f30a24903e8162ec2a190f5c9d43b98c472db72cf971082825936d71447a7f,Ethereum
0xea0683a8c6cdcf7ef8d136e18aaa2c99b1eb61876ba370f9754d8045470b22c8,BSC
0x2645eafaba834cbfed084aaf2e45c033e714b534ceb1b50973a00a80e3ceed2a,BSC
0xc0c4e99a76da80a4cf43d3110364840151226c0a197c1728bb60dc3f1b3a6a27,BSC
0x5b42e6ea9c75896ad94086ce96501e39be2e6d7106e823e41894b3759ed5f37e,Ethereum
0xe4ee5f8f0c0e7cc53acc6319c8a19a3949544d96083e791a3722650f2124eb9f,BSC
0x6cc918191c4ca253dfbf519ac14914428d7d94e3c6d30372adc80010a7efdbda,BSC
0xac947f04004973d142c496638623f9a3bd8f25b697090bcacb08395b6f48fab7,Ethereum
0x4241ed7e0adc6a43d68313d91bffa28751825f439c0875f3b6d891759e5bebe1,BSC
0x64c67f390cfb834f138f6c710c241469fee5c1398c9d797c5de364ec154cebf8,BSC
0x43f3458b76b3ca6d9240a1f92aa77c51f5f65e0f08460b3a64f78eee61d686b0,BSC
0xde6b0846208e5eaba070513d295ae5ca7c9497b5a0c270d01d4f48598358bd90,BSC
0x7e02ee7242a672fb84458d12198fae4122d7029ba64f3673e7800d811a8de93f,BSC
0xc034e426b37cc17ecd78b130dd05f980fe3d65f09713356b6a5dd37056a7b69f,Ethereum
0x2e4c71da3766dae55f8e3ba4df1a53146bb474b39a6bf056a0a64f29468e9546,BSC
0xd348b5fc00b26fc1457b70d02f9cb5e5a66a564cc4eba2136a473866a47dac08,BSC
0xea181f730886ece947e255ab508f5af1d0f569fee3368b651d5dbb28549087b5,BSC
0x07b1e13beaeba2537b2c82c939e967d2326a6a2be103150135c405aea1067ca8,BSC
0xb49c7545d969ec921094bdc9f6b5a7a5407dcb57729d5d1fe8964a14deb8f645,BSC
0xadacb89660833a6875b43c1010cc2f0ea0316388e5a08fcfe93a0ec583144fe0,BSC
0xcda3aa19002c83762541f821efbb13daea9edd3bf9485208b686530596ba1b3d,BSC
0xa6f63f6a0c3afc2215c1efd9f5305d156ab929e07daef6d7132dbfba9794def8,BSC
0xacd68fb80229b102337fe0633ccf49eb7e0455cc5046b32690f94f0cccc9e9a0,BSC
0x61c99e543b40c3d878d11cdbe464bf790b723c315f627d4cae3b7954fe430db3,BSC
0x6cffecd1a3516ae94dca981ed60215e684f70efa49690bd40162eea235108a3b,BSC
0xd06d854f1e67dd817a582727c1569e621ec89467e358fa4752e545ca38a57919,BSC
0x8049342da1b6a139778e203f9026c67199fa587e1eab1a197957309d4d71331b,BSC
0x8507d78e3337907cab9a95c633279c6b393c156a6bdc7d6cf016ea89ed53a356,BSC
0xfdb3b4dc6ffd25eab59bc6a91ffc9b3af4de06e30067d5b865afb400147be1c0,BSC
0x44fe400017206c16931d18740c9b36f387a00436b9c421837e49e84263abed6b,BSC
0xd4132334e475b8b72959b3017ccba87ddf4288d83c91d100c2f5114423d02a91,BSC
0x95b3b210e9cd1e544f98e1d8ebff304e6c407bbe8f62f85b409e8780c76bda9f,BSC
0x88f900d7810ad459793b55e67c6488575a64dd33b486572bc9c23d79a04e0aa7,BSC
0xdcd88ffcd8789210a05f9a946994e3383dfa934df2e76518f7c9fcea95e28722,BSC
0x458d7573835f07f1bfe6458e361f241705b4348dfbb914beb0ae1c5ebf270739,BSC
0xeda4ec837489c8b9b0401b14bb3e0a92bdd9264a4bb8de2185b4aeb6900c4d8a,BSC
0x91f1a4bfe6fefd4169e6e3c75c649ec8e5355843fd33fe804dcc636d0d465384,BSC
0x73b3fb4d3804737ba5a7cea8289ecd8c38ba628b4ac0520f7c5c83e288441209,BSC
0x4dc0e2b03777d9bbde0054dcf9d052a4554db58ab2c1d86e6088cee3d5906dcd,BSC
0xb97e7fb2815abf79705babcd0da399a6a016f7a7978e2a13c2c91d25919711f2,BSC
0xaa154347a463272ee806cce7e83a68b143bad5573308607df96aa7ab599dec5c,BSC
0x326084e432435665cbef16c3edcc3e19bea900e5e922d8824673ebfb4d93b779,BSC
0x5f505a5aedd3a6eafe3fd46fa13c54ff281e86139afe3dc8e2b09e04d2097887,BSC
0x59c3b562384247d100828a669ec1c2a6a4d98cda705adf72a52df61a3385bd9e,BSC
0x0e3e209ce79cd16d4a71660aeee7cefeaaf2a9e9a87953e5f539a0fe2f988cf4,BSC
0xe0b86a6bdabc8549a0825f6ae0f59b71fe4efb25e80ff3f46a3ee935f2a4e5af,BSC
0xc8723da7d5331f043092f6ecf980e07913be6728d4821c0464b1dba67107e078,BSC
0x358f61ec14791808baed972a89ffe46d1aca865b5da4aba5337e0c5148a29d37,BSC
0x2a5ce859df305ad71a6fb23c629fb712179312aae1a7af860ea1e5e09e02e404,BSC
0x9b133087e3dda66a47f8e68735fa586233b635b28b4991761c366413aea48173,BSC
0x075cb4e7933daac0ae7f903a316731585fad3a673878b3556f9ec55af1ea9ba0,Ethereum
0x6629dcaf88efa95b57c37aafa5869e689655af444b9c5886926a98c937b72cd4,Ethereum
0xae2966e342265d40e1cfa5e3e198e86658ed5f61d24acbae6ad4b3d83fa86bc2,Ethereum
0x37beb96ac73c44e9cd82ca1325acdc0f38c97417744dfb6d4320392bd2fa4995,BSC
0x410aebad4d91ef6b9961af66fdfb3da814c8aadebe74f2f76f21e6b06fc63bf2,BSC
0x70b806f19be58ff6985074bf3bf2811c36ce6426d66c92ed45d88a6194f6aca4,BSC
0x9f77e2ff9c6e3c7975e8417ce63439d447d30d420da73c88d626d09d59dd4b16,BSC
0x650780c55d02a554df10d164395fffb5637f25100507c6e56a97f4ae99a54cea,Ethereum
0x42d4a4c8b82e47cfc6ea2376d28ff76cbce7f034c60d9f03bce9c859113e9ea7,BSC
0xc811b035b26d629d7844b19472a897ab0d70b9f7b53da084460fc124dcf43ac7,BSC
0x82a8fec09de71a14b306a4a2779b40ccc36e908a60767e01b6c874b422be61a0,BSC
0x0434bf08a63d70b84fad033d38d8b645498016b3931af4d13f6c11e86848876b,BSC
0xa6a1e1a55985ed1d10bee405da0fd32e0670a075e35fd4bd990f4c309fae2839,BSC
0x355b29a578238bff058367de9406db8e1be8ad4c9ad0e70ac70aa1b4b00066e7,BSC
0x73376ef9e261eccd1cb34afa64853c4d9112688d74398bb77c619037cd327d4e,BSC
0xa1f1123ba7c68b7671f189d9710eeeed9deae3b67f121334eb841f7e13b17679,BSC
0xdc5c56869862f7da6527ec68da9d8e1e04ccc3ca16a6b3ebe8f714432d505245,Ethereum
0x0e38dd693ddbc2f62282932f36a4b8de75f8ea1da530532af26698b4eda9a110,Ethereum
0x0c91723ebf69efc84d87ae393af51410491368fe9e9edc29cef38d5479aed140,Ethereum
0x12641ade277ba56215bffe6608fb078beb93bf3bb46a37fba91144790895d580,Ethereum
0xcd15358ed1cf3014bb4e88cb1229056cd9a0e81b7d29ede43a4e689e9a97b7a7,Ethereum
0x51ba177ae85e58133c5910e7c3a5d027d2edfa67d10e5e3874c323b88ecc377a,Ethereum
0x395d17328d331d7cdf83097963c3fd8d424d82257d8d6f64618fcc6e1e0065a6,Ethereum
0xfddfb8cbcffb27f9f4564a3a5b0a8adb35bea104afc15d6af49fc004dd7441b0,Ethereum
0xe419162da24761275b7b7e9766f3136ddfd9bdb3c4bff13be685197eed11a3ba,Ethereum
0x4d3831d7dc2496fbcd644a4c4e38efc0bb8d0f09e6daf2118b94262c573ea708,Ethereum
0x5b00512a78bab3a6055d43207ea514f044b25b06c6e4e54b48befceff2c3ac93,Ethereum
0x0d4b5a415fa9a1452a09f8788c85a4acd2e0866519e73bdc37f5591e027b36ac,Ethereum
0xe15fa959627871845f2f5bbfbd7529e6d2aff20ab14ece743f11641700bd7188,Ethereum
0x00c503b595946bccaea3d58025b5f9b3726177bbdc9674e634244135282116c7,Ethereum
0x7d485737f67002cbdb291dc47616990dc0ea3731e9d962c1b816f12e3f13900a,BSC
0x27453f1ae7a799fbe0cb66a6c141083fd34f3917dd1b651c584f065bf0072193,BSC
0xcb45d110e9286ee320e45142c66003c850d854d4124b0146195a2451fee9d6b5,BSC
0xb7144003d8afc3e7bc9f807e1806fe29f6b38c41824770a680c335775396831c,BSC
0xf9bd9d5396b653381342a58de3175236e200edc935588e968e278b3ad0273fc3,BSC
0x73c6ccbd5325e2619d52873c07756bb3522ea3cce5ebe6fbfb0d26f5357fa44a,BSC
0x1aa7593cc0ece174a7ff96643397bc3d0b0d2653cc2b0aaef648c1863b8d40f9,BSC
0x889e6d51000e3320627753aa8738163863d33eee6f41f314368b62e5ec90c990,BSC
0xfae2915417a3bebfd05ff342da234a3a4ff10b14d8a92d1ba5e31eb64b083629,BSC
0x7e5479c2f4121d9a1a9e9976a591ad08cbf1fcf6d97c86fdb3fbfe3b26a148d9,BSC
0x3b44ef6e9fcdde97c042609b1459e9e1ef0daccc8c807d26b1a0cb0fcdee088a,BSC
0x71fdbd77e987919a88c19d4d514d1e7dba6a9e4572ea67a6f0c9d2b38751ade6,BSC
0x46414e184eb6aa35b451065b220dbb8d32aea211d6a3206526d966394e864126,BSC
0x6a8dd6fec5ca8126feb433c5915e484484d5391c83fc35839e9850ffa572021c,BSC
0x3767671164f532ed39a1536b5c77f5b207f37cd93e06d6d47d625401076e6813,BSC
0x5dd8f29eeb6e20e7ee3b6c174840de578e6530912069c44971c5611b6ef53f2f,BSC
0x8a7805e0588e8d38b42da7be86ab4b1ea7df74ce5b031f4d1c76355ffac2d340,BSC
0x6c86e2339a74b8d0a6dd65eca592097ba3e94aaf67ad119e930bf433829a1483,BSC
0xb7ff49c0e49fefa192ea320792947c5644ce68d400e71ef0a9ec0be1c55d21a3,BSC
0x6e7e66aa4a0a50dc05fda9047d133ad9fa6a279f5063c276bbe84bb5fc86cc7b,BSC
0x16ed3ee3bf7935ebced8e644ece08734c04402930355c0c2f2f2b74095798477,BSC
0x32bf2971dc0c8fe84943058088f93c1f3a8f280bb77cb8a72fd5416c89671e3c,BSC
0x2eb93ff394c78698aaaabfe94c512d327e630977ca25a7c6a0d664375ae029ef,BSC
0x4cc061468eaf221167ebeb0bc634bd677f63e69ab7e03cdd856a55b62ad20de3,BSC
0x67e54607ed97df291a188c0ea5a70e2d2cddaceac706a063cb6a30ff38728b7e,BSC
0x5a9c4b8d64526a730727528b3b4a746880847f1b2ef8a29794e867212a126247,BSC
0xe5cc15c5a608e1e1407c0ea26c9113c33aaf6b019e141d7a1b24ddecf0bb21a3,BSC
0x16157f2f46bef41fb77c45c0fea24e9752ed46ccf2cbace14d541279dbcf9806,BSC
0x2b880354113f4bb54f02e3aaecd3121e3a279d10d6072548d8d237b2f8ebf864,BSC
0x95d13a8d0895c943ff25c2c5f30522c189a43ccffdd12d441ee991961d7d3513,BSC
0xc1d4da046146111cde8e218e13af00f6599cfee6305c012b9aebad17272e43d0,BSC
0x0b3cfcf65856aa3f71a631b239540e439c773e3994d18b2767eb24c87454bc20,BSC
0x08a8ab0ace42c51b99656801e412ffdc24d8e1154de96c7f55d1589bcf0deb81,BSC
0xede7f772823037deb79e00a67a400d24348f1194a1ddb215543092e3cd13b481,BSC
0xa6349ec27d39206e826bee14f8f6499ab55cb89e1cbb2e0b77da7e3771642bc6,Ethereum
0x2a55f8950ac072ffb625299a96eccf1051dbd3b4b2aa0f6339bbc397734261b3,Ethereum
0x76f2546586ac5b1ba522babaa5fbbd9e65ca2047f39497b6b277a08da35cb152,Ethereum
0xa725f098d146ec12487662efa01dae66f6279494144b18b52643aa90ad8658a2,BSC
0x7c7b2a7618506e151e75a45014eac264f0891660ea2048aebdcd355530bcf40e,BSC
0xec7dbfbb419d10e1193cf1eeec81f0c3c2a03cdbcffab4f07456e009f4584eba,Ethereum
0x54192287e4def6a3970791552e2a65545f5ecde5477b503881bbd63f7170c192,BSC
0xea81aac53eda62209636cb2711571517b81452804114b455b08ea3ea74d95b42,Ethereum
0x1a28ed6912bf0462a16662c9e71e04e99b720b3a69da48ca11c3b086bdd94e45,Ethereum
0x8c395dfa0363407f5479ec982e440e077e8f165daf6d04e4ce5eb93031db032c,BSC
0x4ff4028b03c3df468197358b99f5160e5709e7fce3884cc8ce818856d058e106,Ethereum
0xe8b0131fa14d0a96327f6b5690159ffa7650d66376db87366ba78d91f17cd677,BSC
0xbdab8338a696fd8c87ca8f59b0551c40c0e14df52e45a6c68fb9c180b7f923d9,BSC
0xc714634e8ab276d3e69704793f3aaf41fb24bb31c89aa247e7fc9579118fefde,BSC
0xae33ca82e865e82c84ebd4a15cd81a77d32816227b069d9142d6a1dbeb3201d1,BSC
0x720e66f974fdfc9e5ae6ca6a44bdfb73fc066771b055a4ce81f348dc8597ce2d,BSC
0xba0f3ea147d36aefc1112b58e83828d44546d60719340571fc45488a25734b02,Ethereum
0x38d1bd5b00145da9649428938c3d8352d4ef016e62ec5cfaafefb2b95aa4528a,BSC
0xac70ff681bfc0fd0170b62c694630d6fdba6edf1fe5b5aa2c63bb0e0d95233f8,BSC
0x897c31e718ba31d1f399309c25dee0bb3f27b61a57d1218f8b9afd8ce57d9c06,BSC
0xec79ec48690aff44f5c5e65726e9731dd7f128d07da40ccdfce83da686a28bc2,BSC
0x48e62ee41cf518b60993e9881a21eec6d5480fa065d63450c86a475366dccdfb,BSC
0x1666e13c8eceeb884af78113638b4db2793222c4c6fd66b1a878fdd7a243dc2a,BSC
0x90ca98410745ae4e800c495b3397f5d416a21893a86bfed1408d6c458c0d60ad,BSC
0x18af346f8f00cea04d0094073d8c068db547e6b7fbee9a581e0b5898019144e3,BSC
0x6d2732854f98793ccae5c5fa6e9f350865ce01bdbf0412378e104bfd1d3e1e55,BSC
0x66d8b3157611f44e438fc09bf96dd3a42518eec5dd47c195d83f7f5bcf352ce4,BSC
0x2a59711e2d08cd08873c1d29bb99f8b6ed87a18404ce27df0ca8ae046180ff3c,BSC
0x50d7d1b3bbd2a89224368dfd412b567a6f2bb7c32bdaba61f6661805fa857f2d,BSC
0x2e98adab401f72b103365e2de51cdfbb22a3b7a99a59104720c0942a72486766,BSC
0x910de141602975831f7e7a1f6916d3f9f146cd9abdd7117f9b75043f485af80d,BSC
0x234a78bcf2493b191f664b52036a51762e6a2ae578d83defea1029244bf34506,BSC
0xeda50b521a92b1cea2ae4adebdf7677e4d3d81c8b0d1680aa28a396e92a25a63,BSC
0x1999bb5c11a8d8bfa7620fc5cc37f5bc59c1a99d7a9250a8d6076c93bbdbeb5f,BSC
0xc4ebdfa6077ee30ee4af7e607d8bc5358449bd6d191f025dca1e8b7f381264c5,BSC
0xf835db3510f7625e88a0f1fb03c97a1c4a010fe95f9dc27e43ee7801eea1c61c,Ethereum
0x2c8572d4cc905afe3286e1b3c8446190ea56d3b3ec2411bfe1575e6f2b4b95ff,Ethereum
0x30fef86a72ea7e1109ffeae572439995c78561ffeb968dcbd61c609efc60fdd9,Ethereum
0x40c82d139eb3c18e1ffe480c88eedd7884e1a75d8b9a7f4ca6cf2e41076b0b66,BSC
0x961ac6a22a74fb1001081c54f98ad135ebd3e608fce2126e9b2b5aea2c10737b,BSC
0xa0408770d158af99a10c60474d6433f4c20f3052e54423f4e590321341d4f2a4,BSC
0xc9161dcf6d71605d34b75e87fcc73c671acd9f968d6b4a41361412576904259d,Ethereum
0x89029dfbca5d9e1784f23a24b0df771aa81777bc6e493fc01bf7e2d41ce04b6a,Ethereum
0x5c61b40997aaf744c3b7f661a6a53015fa303b47fc42c87a7aec7e8c1f9736d4,BSC
0xf89f959e8f78a17879028445b8826949ddc1c7297f06f694d77770a58dc530d5,BSC
0x6a27674e9916064eebbd742ab2829e5cab210d86cb1331b5fb29ef12aa16f8fc,Ethereum
0x1e3b0598c5356386b8559e0e19d1c33b1a68372b9753b32c6db4f49ef60c9bef,Ethereum
0x1fd7d1c9b97e973107d1946e92bbd1781f0ba52d9549caac664846f76d623e92,BSC
0xd4fd758759a9c5df5283f1cc9e0f27ba2e0b04badb063bccb3cac8dcec7dee47,BSC
0x193655ad186b4c25cf3690a3b3974da940712536baac6ff0f16e0681f846f592,BSC
0x3d7505401f8b78a88a6b6c4fa090da8fd1a478884f6c5420ff0690ddedb8bb03,BSC
0x289c40ab1775c6d139f2d769246acd76a74955455f43f6ca48cdbe5151565f2e,BSC
0xc46b61b660a1fbc6fa421405a47f843ad1af5ceecb1ef0d9d68d5ae7e3e6ed80,BSC
0xfdd9794334e96d114b62dbb494e644b6ffc503cd888076de0d7b939461a3c220,BSC
0x747921255c0513f5dae676e4a4fea1af979b41323910b06d9cd51c276bc4d797,BSC
0xf6bf72714d60135a3a019838b56b784d84abcb3847f999f4ebc373029981b52e,BSC
0x5d54d506cb1ed1b4ea89e10d01975fd94ed22e22f2a9e7078f359613d19d1a7d,BSC
0x05130eb498b6b66dacead82b28092cd04bc25a2d5eec00f954cca5549dcc30bf,BSC
0xaf098948ddd5f113f9a3a54f8cedccbfd3eb1d236a9d49d50f2e8ee1a625fd39,BSC
0xe720d51b681059b4940b01830d465d15ea8a92d80e10596dcfd6187fccdb60f1,BSC
0x2b7d5a6bb24939479780af0b1ee1503b608bbe44aef35076b5ecf357d85fad7b,BSC
0xe1876124a3a76a14e896494a01f3ddc488b2dba036c79d503be7f00c55650be9,BSC
0x3c6097d2eb8048ae2719be2120b31e5f72bc4e99a4d395bdb9e2ac221518059a,BSC
0xbc6c44612817d145c36e77d818c979cee73a805fd6f5fe50e8d110433efdc055,BSC
0x22037f87837b865380d0b17518549e0237fc24cc93c9dd87d6a2e7aa0a92d45f,BSC
0x39b250ba4dd60b642ad85b8eb01d5844baa9ba161a5fcc16d53415b6888ca7f3,BSC
0xe21fee92bca0df74f81a5016a92a0f55b8f0cb3e63dcb92bd1e4bc18a137f630,BSC
0x36856170fda07ee952a6901e1e645f0b4b7f6a3336f4e430517eea9e099eb013,BSC
0x79635f0c3d3ca9a0ea81e790ca816ac0be9995bd6f3851dbe01d9550a1c77f72,BSC
0x77f477f4355e012c5092a0345609e183ebf04c90a13581c2bb27fa428a27f82e,BSC
0x71ddc567ef1b55f32fe55c8875895271a76d8042652f9fa5d0001f99e4373da6,BSC
0xd681d8a75c03178ab42d885908d43794f75494d0055146bc9b911a9345509a79,BSC
0x2f123633395b0b9ab0cfe4421809f5d0f98117169b91c9b7d4c35e077ac13f18,BSC
0x5bd859f29d1d6640225d30acfd6ccef11b32f034576aa2892957547c717105a0,BSC
0xa849ea4e6685a2e79ad6a2730cf58febb3b1bea8461afc0854e5ab5ee7047283,BSC
0xaf9671a636b3b4ba9858624ab505f4e8fcbb6f86b8b416994e341018cd05a878,BSC
0x94f3ae7490408138c190a60bd4350c4b46a44bf6ed79654e146d442aa0a8fa08,BSC
0x64341da9bd8b1d30aff65a87c5ef3e4f275ee87440bdaf7ce1ebfbdb24204195,BSC
0x39904009c930c4137472592363d1e53a225d527e37aadfe3ffe3f63e71b30e83,BSC
0xff76469a43eda6b6c7519caf78a66f1c173536fece1781abe8c0004d039fa28b,BSC
0x583b2e14856bf705eb1b691e0aa221e7a4cb699de53aa1c09b97df5d7fda1614,BSC
0xc926c61b87e6c6ff3739610151d7d4f41ab0859e7837c628bebb3c9feaaa00d6,BSC
0xcdb06614aed9ec9b5baf2f19738eefbfb04ba531ddbbf95812a91b6b4e63a819,BSC
0xa420203bce0e14ed59c23ec1ad176412f0110cbe27158491a5c7a6ac44a54162,BSC
0xe91df156539bd644f18b0af3e77e232f60aaa8149391359adcc58743a376536e,BSC
0xbd0d67624ff73335a326b725703de1cdd01c47d8b1c3117dd2c6129b03b3a135,BSC
0x485a57d59c709ae89990bc56d5c0e627cf54bef88f5a0098944e5b1da273940e,BSC
0xc45edbafa14cd74618afc4b43b2b8e726d81f9a91686e72ff235d6ef5d13d1a5,BSC
0x1481674cead7862658d837d2aec4b48eb702a0141ad5aaa2933ebe23bbe00ce1,BSC
0x342afda4b7978f48800ee69ac76aec46c5ec43be514aa8ffb2b7a9712fff45d5,BSC
0x47811f31fa35869fb4f87ca35cc32c5f35a2ee48d953dd900ac69bf226b97e6c,BSC
0x25e2653efc10c7a3000329faf118b9dfc0852da336bc8afaf2863c5f4c0f452e,BSC
0x50fcd4d3d4f2cc44b4c709cc243f082d2ed8207ac0b0fc1e88ffde2d3e248939,BSC
0xc3faf0817229cb26c072e4c9c07418af1b5b5fcb649d327e9fd35e136f507e03,BSC
0x9611a24844bd1775556b1bc86b42861b11b90f749af99616ee30cdfcb8309dcf,BSC
0xdd26b2052b19b1daa1d0024c26c6dddc2a0b0523c6dc218058471d22042192e3,BSC
0x2d213201943c16d7664cc0eae45db1b3df85c64673662c976628f8e8d17f8a7a,BSC
0x4411b807fbc5c8e7bfc9a98a7d704ad77ea7e90a351c3405e3d785040e9ab61d,BSC
0xec38ea09291e8deb2b6565cb56d51f25801187fef211ceca4b63ee10a3c3e3d4,BSC
0xaaea9376d1fb08bd27d3476779dbe6160bb860f9e1e795ba1a2917f42028310d,BSC
0xff5a4ab00f73e58702f6e90c241e2c886ee8d79571ef13dfeab881448656e188,BSC
0x29a34cc9ea1b25766e2ac8bd700df3346813b88c751a4153a353668d709b630d,BSC
0xb8641a4fe4b0ea50a44eb287b1bbd60305f6f8d95237d8c9b232c57e67494a7e,BSC
0x717162e8b342561b569707e3b46ad61483860525494b9de1cc6cab493979aaf8,BSC
0xb94282e01f6dd167a3a6d2d9b728949f3c2b3067b98f64c4db21e394d1041013,BSC
0x7daa33007d5414e4196428329b718335068297a8968839550f2c6e2752de4b2e,BSC
0x072713952591475e385bc7e626d711a55f3f2398096ffaa1f5b0758ae53bb6a6,BSC
0xe9aa7ac82e91abeeb35feab4a266edebae4f38e7edae6859f94613d3da9b5f51,BSC
0xc594bd445eed875152e62953220b05d263b9934e3ba172cf3d0c71823def827c,BSC
0x47cee22639fcb46cd19153cf8f73861f35942dd48ed947ac1f33831aa5fb5445,BSC
0x4a9e99c60af1635cb966775765f3e3a799a92f12716de0df3089a857c3414158,BSC
0x768ddc7b994e132506188861d397ef298710eb0ed016bbfb6e796ae61b165c10,BSC
0xa9606696c1b3d63fbc960abef5591e9ef95751be7b3ed60d57c9ded107493470,BSC
0x4f7c21105777cbd5c21942c1c90f37d47cfc4d6256c1ac36c9ce9aa24d66ffbc,BSC
0xbce1429fff89d268b13340e9394218694e8a674d80fe36e63480119be3770021,BSC
0x4f4df5c625529bab9af37ea9136985f34b7e8b941a1c858588af5b1fa329467b,BSC
0x9b667c4374fe592fee6845be98f767a0c87ecf00f962cf289a65a5c435a625bc,BSC
0xc71b583feb30d8d454f5a542ee5744b987939d2363582b9b429966e0ad43f181,BSC
0x920efcfdfde46886abb1db742db623a8bc0fdbd0acc7a67e681b42c3f05f6e4e,BSC
0x5af3ab9b805d55e6e6bee34d02f78d3ffb7e76f8a37bd6754e672af3f24abcc2,BSC
0xa6ef6fe47215e78a64f14d2a4148a3060d973f7b02622240accfc38e0f470e1d,BSC
0xd814fff6d919b4c99aca0cf1f3a34a8e40b210706e0e9f7315f19ae89e7b96cb,BSC
0x79bad78ca556fc4daca8be89e0bb8fffb032eb6551b3cb941e229c39e64a04b9,BSC
0x9d292c5ca23a53e523fd754cd69db556df066a03fb00abbb9bac660dc03fc32f,BSC
0xa13e3e91efa53082e6bd38a7813dd61ac986b455e3a37ea2c0d869ef26eb2b53,BSC
0x4abcb5abe2dd8a2515119b2df0fdc146d74342cc4ccc252232da028ed3e66a4e,BSC
0xf9898d8519a9bfb8e1dfd6afd282c9846ed5c60f78df9fc056d549a4dd5d55d4,BSC
0x4b08fe818ca545998c7ab6c64f73a240025f26fc96434b4176ba3ae3dc76c180,BSC
0x0f1a471310d9d5da439004915856abb1d0f87426ef342edb531bd2497df7364e,BSC
0x2bc7e1095d3a4ef27968b7d3fbedff029fcdb2f8156d908236205f2c1d5efd51,BSC
0x41f0726a2f0d2fadd4b031ad2afa0ce1ab1ec14ec4021872be714dd855e32cf2,BSC
0xa681c1af3584f0c5e56a09b3c3244f5a85d45ffbe9c9edec9e4118f94ab04518,BSC
0xb9b6a3fda7b9c462fe67ee3fff3ba0231d5087ca2108da916f827ef836b25543,BSC
0xba01b9993a50a26c59dbd9f8941584cddd187e6561c722ad7eebedd55de02e10,BSC
0x50ff4509962ef968aa9a7f0a346d00a53dc8c7355c824e39758fde047d2a4a8b,BSC
0x62305009bc461c6373cec9b77852c37d4ba22a1478e92f274dc5bc666988d1a4,BSC
0x9075a5a04ef092bf3269c56eb2872ad305e428e88988b6940a61f776821fa156,BSC
0x486d69e31f07f660e49d07fee9d58ef257d0dc99a45fc6caf1c849e5ad07c63a,BSC
0x8646e4c0017b5b73bced002152eb13ffe979439713743605c9f5a94c981aa31b,BSC
0x8792a27b513f9e320d197fa7ac938d21dcbb938cfa937f863d5fdaa232802792,BSC
0x97432022b84170b3dab3aeb08da326ef61ca12d7a5ed8ec481d4f689b781c549,BSC
0x4c59328a0813abd563bf77198c4a085c31a97ab672464bceb352b22432ee0e99,BSC
0xc26279df9de7c82b5e749d80a33e56b6a92445b3e6e00bae1bcca22d47bb936e,BSC
0x0f52b4cacdef8fea3765a56268854eca2becdbf7834c315791153feb9073b369,BSC
0xf41c69739b5d42facbcc1ed1266ea4821b5b8649d8dc937df0264f7e7716432b,BSC
0xa9eebb4630b13c88244999192058c37273e5752351ebde2bfd734b706f11907b,BSC
0x69661eb0aeb70669c3a8f4e8ba96aa066312bd3c6596972b57eecaa2d17bc555,BSC
0x9e5c7f69b27c774356f8602fecf5387e33ce375883b82628c42810b73cae2e09,BSC
0x9c7b0399b4b5e7992911a0d2679b956d80e8ec90009f3796498b44c53dc1ac3b,BSC
0xd16a308eec1ba7b70d4374269b52b751f27e465b9e3bb6402120e0f4fd1290f4,BSC
0x4b3ddd91f7a1608f556de70ccdc492e0e0e653ad20324085713014b00faf92df,BSC
0x8fccb48cdedb700067747df6fc5a370e0fb5da81e7470ca0aefcafadc242656c,BSC
0x1348ea35ec1ebdb8d6dfdb4c20f7ff39a68bf288b16bb1bfa286f990f7f0a864,BSC
0x7e7a1a98d6e8916502a2207ba1d36cdea89f3455782ed374ebfe17c8d1e2e7d6,BSC
0x96ac1175e08c58be6a8fbdef83226b9b9b54644f7ab97c0d7da29aff7d52f993,BSC
0xdc7dc1fbf6e2be084178d1e8c9827ed5614f92e173fda106495a6b6f6aea8584,BSC
0xa6fc7a18cbcc6ea32bdd77f71d0b3e4dfe80186156fbe0e68223b16f050f5d77,BSC
0xc0984cd2f12c1e9eb2eabe28e139c808445ddb0b3df87964ef332f2c779ec0f3,BSC
0x9c3a1ac85bfda88e96bfe80cc68866b6ba05dc5cc59c10dec2404125e985274a,BSC
0x12d97a192b170143c4fea52034ddbb96c3766afffce3f134482f8bad802b85ab,BSC
0xc45cca718c45d0971c0558dd6326c8b2e485114474431b81dff078a694a6a9f5,BSC
0x2e62898730495c60ccf71da7d96104a118ca267e42df93ffcb42ecdc35a354fa,BSC
0x49227c948a659f40c73dbe22e4cec324edbc35f88c7055d20d57b464605c87bf,BSC
0x3e9488132bf9777219b3677d03d9825137ae2f1b0b6778d5f1d783f305dd07ea,BSC
0xa55c2043cb6ec93b7862fd2d390e4f3adb978a9fe5c10faa07f18a3e99c79fd2,BSC
0xc249f562b1788a87f657863aae38f2117fbb71b0c739c8c5e47fde53b513b79b,BSC
0x09451457687e2a36dd1fd6eb93837db57a42b31e7555f68aa54fbc5f149ef2ff,BSC
0x82ccbbb3d3cd6f003f60aea6e9c23a8439bcb224a1d50dba14042f6aea81e09b,BSC
0xbe981c3551e001c5d00889750a67019d7d07b30a2254f48625a6f84f527f27e7,BSC
0x9b23ef6714251f217c890fd996a21d6acbe676b14be5fb22bb5f55670b8ea093,BSC
0x9828b0734f94122267462860f1dfbfb7519ae69d74e4b76d3d7213f8f5d99355,BSC
0xca7d8f46dccd7cddb4fde2b2f648fc2a82310f5c264d20df64e1ce58b3ec447a,BSC
0x198e21727bc507f1b025f0141dc2ee679041a5eec05b6c91516ddf9e9adf141b,BSC
0xb3ba422062f6cfc846fc39f7de2b29050c5b04e5e7e3c4ab658314b0c9188524,BSC
0xeffd37a1ca35c7c06c6ccd97cfe398ef80a9f1b6e0c1e9ba1ed6456084a01cca,BSC
0xa20989ae5c4ac7e428eca85f66e32f8e58842c5012fe7f3e37bcf755d5e12b8e,BSC
0x38852d7bb03b2f9bef23e1318e7582bcaad74d41418dfdb2be9da62b87c8bfbb,BSC
0x88a1f0542033bfef494f10418ca706014179f4f6dacc3c0f82c344d662732a9b,BSC
0x0fc20055db019e21bb38c6bc5c801c5febf5d394a95302d6f029b6ad2320ce11,BSC
0xc17969eee5a4176366066b24e8499f41415e8a0e9b1e55cc574f082f1adaa0eb,BSC
0x3e8a6e808da446b75b37bd338b5d2356502bb827a1167d2a4678d6bbfc2303ab,BSC
0x4046e0831f263b640e1052bb57f67f5eeb36607652cbd83fa93d01446da51154,BSC
0xcc006b6ac446d338103b0f96cd79b0de51df7cf8b0cac1c49c18808b0845adbe,BSC
0xc389cb72e7624fab7c361c584d90f943b6c0baec510abd429e50ed6158b2a9bc,BSC
0x697156b8c6716461ca9335b983dc244bf7fb093f2fa409ae96deda12fc6980ab,BSC
0xc028e49743b652631aeb884a83bfca592a67bc4ffd3949555d21537f73af57d2,BSC
0x099965926449c82071652806ee8b72c5c39df9e639826cf80e86ba44a72dc9af,BSC
0x205023e9a97b22cf937da4b51eac5951deaaea4e49d9a712c18c8bccbdd46cd8,BSC
0x4934fc7ae6445571736735cc7e2ae200bc016410a01087a3a995537d874cf8d3,BSC
0x22a3bf83084f021c135958ef3365905b9c82d5c1f0783fd3da07b2e758c919fd,BSC
0x53b6aa9c1e35917e3249a94a9eea77189256a03d507f5a347c9312f340f9acf9,BSC
0x722d13084d93b6d9ce8d0e3c7a6039f979869261e823819269d53200c68e1299,BSC
0x6aa510397d6649934abf93829ffa169af8bfce7eaae54e878f5ccac29bd02606,BSC
0x2a86212950e1ae2c45a5f49aaae4468ab94d589d7c6cb7fa49707a091e4567fa,BSC
0xedbef80defe4ed1cee7818cd644e3bac367d00c49199ccc3ce9d27a4ebfeee85,BSC
0x365dba2c1138064a9f2ecc7480295107495202bc740a8cadf36290c686a39462,BSC
0xc8549d9f58e165ba066b18b86e280168468c44a484da1d7069a91be21d3c9a40,BSC
0xf6ffa95bfdb58f2d553f980f026fa226eaba566ad06ba0712af3e57f3e425246,BSC
0xc18aef3a5ebaf0be2fdefa5a958e27b74590c2882bf9f2f2437f61cca0b4063e,BSC
0x07f4e26e2355960e37b32799c9172f3f271da1454e21bd27a5659c294e982d4d,BSC
0x0496bd2f5744257e9695bd00ee83a3ba87c09bc8c3530340142ab2fd6aacc62c,BSC
0xea4c7bc2699fa94d78333170c273f99ef2bc2a0203982cfa871c41462c789f3a,BSC
0x70d9fed4faba4f8fc108d98b517b1d2db39d2472e6fe1cd5fee11ac784a0f51c,BSC
0x7aa7516f6fc5db63776cefb32c8364b5d8a2cb1fa05b0afd10c7c72356b7cd95,BSC
0xca0f46bd8fca5da2b18837029ac828cdfc1b975bdf9dc915119d80f6d9a6171a,BSC
0x5b3e1bcc3e115ec558e4891f2119807c58cae2efae8b7b3793f8fc361e31268e,BSC
0xfe667cdbe13292374cd6d7ea920d4feb9473d1a34a2e2b4c30c4cc7f5cd31bee,BSC
0xa285c5c8958deb874e4cfe2cc7aea882b327776e5a093621e0fe1ed70dfaa27f,BSC
0x5fb09b342ba90886f9a8035691ec23241416fbe570a833572d23a3d343302173,BSC
0x74e33b8da6709e405f81cd35a70369a759a4002a950f3fcee85772b771b46916,BSC
0xf0b5fdee4bd892ad2a681d1b1bb4a8a91ab98ce86b4972a1ddfbcb4689101b3d,BSC
0x498388f584184af5c0506d9e38d7de06cd03b61258997e2e6a0052fc40b39f20,BSC
0x438b04615b0f99bcd063af740db2a7c0af088ee22d26f92f0fefb9add61e0ca7,BSC
0xf91a121e6cf9c036d6862972591eac1ae9b4b9e71c08f9b8c2dfc75ba1cef6a6,BSC
0x47038c7f80a36434f4dcccc945af42a8b72c5e26293db1014b7b04f0030fc27f,BSC
0xd87eacd4bd76ee083e446cdc45c31ed41161a7e3b3ec4d39efbe25d9f895185a,BSC
0x473a47b626cc92a20e6576c409b0f2e50ca9fa4b531e336cdf0ef2c52686e2ab,BSC
0x410385f6b85dfa742ed3c179dac0b9492dda2ed099e5be7087af3a23dca9d850,BSC
0xa2f1ea3cfd79b21f4aa0ab8ece660d58b97631e68c9a33505fa5e86a796accb8,BSC
0xc2cee5b858452d3368f2d8c01fafa8f3ee21a20ee509b6d16e03b72101f95111,BSC
0x03d2970cb03be8c7b1c9b68c2e9364d7d52ef90e1df79c206558928b0eee8bb5,BSC
0x0ce024e895e0d47d44c6705b73eaddea478102cbbd13b64d18e0b68c5b1f8655,BSC
0x800466a82c6ebe1b53a3e96a7d96302a361b050c6716eaf6e83f9472d4fce4b1,BSC
0x16735790cc8c79079c378a045620455a8bef1517aa2d20ce4baa0c711ddf0ab5,BSC
0xecdb5325baeb4ce30408a41f74cad30267bc1d132614fb27d9de3133fb3ecda3,BSC
0xcaaeebb6d79c116b347754c8caa6cf278b1b626480e3047de9712953852492ac,BSC
0x651509085150d185713b0451c5bb4b14b45aad419e8a3f1717719df6106767c5,BSC
0x8a8f4dd8cdb782f189ce2b6079d623f7c4c0ab0be1b1a62c45e646f1d168b6ed,BSC
0x4cc32768d2bb2380e838c3c4a7cacf8c8729991658436874796d0c8e20f10242,BSC
0xd9ecdadfbac7009bf5971e0e0580734d5c6fb11388cdaca2ce025f9c11944ee3,BSC
0xe2cd56de89d550e89c08f6e3173f47fed8860e5a9b09b40307e924843efb4035,BSC
0x86869805ad41898dd0f4adea1c5899f453ca2fbef2ca18b1aee0b932353b1efa,BSC
0x96a4002648019c139572cd4a8191d860eac395e5de653b40996302d11ab070e2,BSC
0x23cc372bd17b4fdf530a68959fdccd0911e5ca92a014a73d7396fc527ed12465,BSC
0xca58e6bf48ca62b63d0a9f38ba52a6a7d79ebd0a1edefbdc6a500b9f378a68ba,BSC
0x8baa1e953575905bf67eeee2b179eb96340f63bff16875490385d85b10261d12,BSC
0xa0e43cf7e61060a5e3e496a018cbcc6a524a2dbbf534caa3bbf314037e7aa908,BSC
0xcfdd7899d98712d45fba2d0e49e76d82a4d59c223bd3e94276bd090023632802,BSC
0xc7f76cd2b3508bf8269c75d4f70245845677adb2b6cdf84805d49c156ae2ffef,BSC
0x6f909154049464b72585b3688adb256cc6ec7453b414bdcfe6a7e9759806433b,BSC
0xead0fa0376ab30fe9d939a048349e99545442c5df50b79be7e4eb07496d0a8a9,BSC
0x6abc4f646f5073b89b915ccbfdf15bfbf9b0634bba3bbe6efe0a5107f524ce65,BSC
0xa67b5de5e2a37c37dad3801ca110b30065ace02ad7036dd21079c5c21f18d90b,BSC
0x06107358af78af82690d430cbe0a9e2b5991c073d06fcedeba9d3bbb5ecc921e,BSC
0x8f52f57a3ed21a041ca16664ceeed7e0bc35936accb16af092e66118a743e897,BSC
0xa64434a1ce96f7f655035a15f204dc94d6436b2d63495499ab1b9d0467ec116c,BSC
0xe197cebfd32418c823d6d5a315f70a43fa6b8f6c9be6e4f5409c0232982f532d,BSC
0x7e4f97e3d006d98fb4738105306c7c33c27908a30e345fa7522e956fa32b46ea,Ethereum
0x06d7e7436414c658a33452d28400799f3637e83930dcec39b3bd065dabc6ef04,Ethereum
0xd92485cf46965b5d3f7db09f07a6198411df3f20d7a4bf33dd90e4fc9b903e09,BSC
0xf0464b01d962f714eee9d4392b2494524d0e10ce3eb3723873afd1346b8b06e4,Ethereum
0x6196cb911bfdf57aa6968f9703c78746af25fc7e642e4edc81deba932d6876a3,BSC
0x8d7179bc49501cdc0f7d7e83bda5f22edabeb128035bd8d0682ea62fd673bed4,Ethereum
0x70797719c0fa701d6f297a574e20e939798397a5aaa02228c2a4c0989f18f4f3,BSC
0xcc345601adb20581486996f6a1a2caf93735724ba01154ff26ab8ae23dd8b8eb,BSC
0xd081d6bb96326be5305a6c00dd51d1799971794941576554341738abc1ceb202,BSC
0x15ab671c9bf918fa4b6a9eed9ccb527f32aca40e926ede2aec2c84dfa9c30512,BSC
0xa37ff1f521d4fbe9ae61a2eb68b32b1cbeea3fd58b10369c43b230bbe9071251,BSC
0x6f6316c9464bcb802209097bc63e03558dac603c9b51f620f683787c8637f497,BSC
0x551b83086f8fc8d707f1ef60dd8c35b2cad8ed5bcffe2a94e711fbdb50ebf854,BSC
0x57fbb33d99c680a5097e823968e6b1471f68c43859076532ca1859a40a3862c4,BSC
0xef3e5352c72500622adbdf5b3ad3dcc38449056f5b5bb76ec6f83fcf3721b855,BSC
0x5bd9fd118dd42ab3e1b054482d3bebfb9eb3e264863d386a63a7247a5540c5fa,BSC
0xbeb1b3394a013fda04b787542ddf17d61bbd77f0da4db331bacdb62973b42d4f,BSC
0x738d88a3e8eb3be3fe9662da7a6892723df7bcb7355b266641063acce5a62801,BSC
0xa2a160bedba1067587f88681dfc02cb8497c7699f467b580d68ac2519d4ebe51,BSC
0xd512fb152b1cbcfb08c8d8a2dac25fd72a22fa4094f404b2c2228731369c771e,BSC
0x0e2b861dbe7164fb2682bd58c47d074516172112d1fdf07456e67f4e0ea7d61e,BSC
0x682d4f3e7bf2389aa5193a34bde50096ae7523573de19affc2906b8e887b6e97,BSC
0x4728416a87283cbf2867c131881251d353497de15efbf1724d4af0d8f2a7e2c5,BSC
0xd48556f8669b27274c69a52ae404aa40cd68622add2c2d37e2d6cb5c8e9b491b,BSC
0xba49b86d3e741ed45fbd52019deb99c83ced1c6b6b5410bcfc15a0b78063177f,BSC
0x2360b4d034cf7e964cc868d821cb6646965de3fff216c6d13c1b8561fd685931,BSC
0x8459073c685bb4567ea1513a5795a32a87666e6b6511c2d89c07afa70fcea3ba,BSC
0xf493646f5e387dfe32997c3e7f3359d53aa26809f29c048d48b5f0383d90fe9c,BSC
0xadddf4c0bf889f2107b5e52e61afbb92ae00db514618559931341212e2853966,BSC
0x9f86109ac0de075d244627719aa00cd69c61e6616458c232e5100bf5f3038cd2,BSC
0xb0a8e1dafb445cb2b8fe620908c82720383e41cb56323a4f35db09206505a59a,BSC
0x4ffb439407099bdd57dddeb245f3c8453b31b9d41fbff28fc1cd27068f374ce1,BSC
0xdb4616b89ad82062787a4e924d520639791302476484b9a6eca5126f79b6d877,Ethereum
0x26a83db7e28838dd9fee6fb7314ae58dcc6aee9a20bf224c386ff5e80f7e4cf2,Ethereum
0x6c87fe57767bf61a9c063a1810394aaed529dc919b3c4bf4b5b0b7273d6b909a,BSC
0x8a1791148ada4fc25237f9682d49f555bd9c4a2cc384504c83676566d44ddea4,Ethereum
0xb95f56a93af1dbf477b2c527e186cc37aa4a973f8007717ff6c58ac62eb28a62,Ethereum
0x032c9e7fa7d1697fa64fd4a59f0d08278d27aa537525e9bd17f71f01d36b8b6a,Ethereum
0x2a50db3dac1b4468d226deb53cb34737669b5f93848ac04d4e296ade06f9876c,Ethereum
0x995e880635f4a7462a420a58527023f946710167ea4c6c093d7d193062a33b01,Ethereum
0x83e97b169a5e64d21f3d48b10d556d077ab94450200d28ade25ec9efbe56aab7,Ethereum
0xced5626f64e6c15253ae540dfb4d83ec8dfa647a3d87b5dca3630368fb34d5be,BSC
0x09c01fca7ba2927972f79df05c856e07132edcf18aa632fc0c5b90d5599e000a,Ethereum
0xd7b43f4c0beefe7aa726dc6656e4b930c1fda874830d813ba1c16f15ac600520,Ethereum
0xf4157805a9815f44d89a8775bf3bbc8f9fdb2b6dee96b17e9c53bfd65e9973dc,Ethereum
0xeab68ffe998a670e1c7a0fb8c978bf811db6891d22b7b551ed93d7c55e2fb595,Ethereum
0xf86f87a50c009970f3cd2fcd8bfc4647761678506ad8ed8bcb9a79463bfd0c93,Ethereum
0xb827591ae9ac2da7c1a84104a32d1d43b386ecabbed4b27472efdea200afc742,Ethereum
0x0e20ddd809a7a6da5916033c65891b49bbb7dd88395a4e40a4c806d1b1662958,Ethereum
0xfe7602dc216e30872843db9361f1900335c82de4e557157b0d3a9ce514141e98,Ethereum
0x848bdda000de84b8b01de8121e43cdbd0ac8a6fa09324447f24fc9d92868e9a1,Ethereum
0x4b97dcfa3527a9a495c88152917e6546a559e3c96336bce73220022daeda6a66,Ethereum
0x56f5edf3fe9ad65259abe231c62c37291d8f0d808b3a48d18566f35d8bcf92e6,Ethereum
0xa85030606c9e746aff498b5315b4355506cfc90b21c5ba5bc08f30db46f04c19,BSC
0x1de06216c6941333bb9d3f3d61216fcc2d5eaf9cba64582724469ff059d09c3c,BSC
0xc01bf272c7e8685cdea9bb3c3910d2f4f8894c941229f177eb678023651bf951,BSC
0xfa325375e914b68ee8d0693768f1acc6cab755674242eb972c029a1a2602c31a,BSC
0x7012370a057a218851e2388b706dae29b52feba6a216d36aa050afb7a8c009e6,BSC
0xbe29674f221202d222e0364a110af895092ec6a6408531b72f54ab121b37e834,BSC
0xe68b6332c4793cd9f4e428417421d53d5164dff11d5385c5a1ff956bd689b8ce,BSC
0x591d054a9db63f0976e533f447df482bed5f24d7429646570b2108a67e24ce54,Ethereum
0xc6c3331fa8c2d30e1ef208424c08c039a89e510df2fb6ae31e5aa40722e28fd6,Ethereum
0x24f114c0ef65d39e0988d164e052ce8052fe4a4fd303399a8c1bb855e8da01e9,BSC
0x22565619ac7e7f3af371b51b5fbd5c270b6b659a045781fb471a678285f0aedd,BSC
0xf7e82d28483f4a64763edf2939b264acdf9c9b68c490692857314b1c5d030419,BSC
0xc64cbfb484a63575ad070eb099c23fd2b2b5a7fc0bce829567623cddacd0e9c3,BSC
0x6dd61d97064e4cbb250640f212f42dab0e1fd689427b36043004237155048108,BSC
0x04e16a79ff928db2fa88619cdd045cdfc7979a61d836c9c9e585b3d6f6d8bc31,Ethereum
0x8c61684726b9af17e87ae8b27f4ba028e7d1164403869623973f2e5b57268e72,BSC
0x2102f84510b44c8236fc9e3a0cbc4c2b2d2f718551b860788414aaf38b8eb1a1,Ethereum
0xbcfd7d62673d6c222b16dc8fea31d775228b21f437ac2c1e922091add3bb0b8c,Ethereum
0x3f4f2e077c809bf65c1605fe9e375913c1cc75231a945d205faa2d5acd4a3362,Ethereum
0xe806187c32bc5c6527dbff781666a4d3597eeb261b033c64509149924cb47ea6,BSC
0x3eb1761cd209f3edf835766f574bdedc434c5d90e44ba0bb83566fa522775394,Ethereum
0xb4565359e7c926cb1c639ef36c93e757e1b61dc60628cc5cc4b51d7b09d33b01,Ethereum
0xa6a2d12ab752808048e8ad1a3364cedc6990bf520da09141a5da0c0383264254,Ethereum
0x3f7de75566289224c5e95a35ee8717ddd6928500227a05c1d83838844c60491d,BSC
0xd70b720c331147c235fb846df65a5415e6661eb13c9dc84a1ba5dec70454b418,BSC
0x36886f4e7e07913129027323051d3d2746c6cc14dfab5aa430f77e1a6378d413,BSC
0x1906f8840d133b32635cbb57dba3be38e8db4b1cce4bd6da94c80b97905cb87d,BSC
0x639d27e564214411ad8eb06cf00d85cd90f83503a53ab5bf35dd5c6e1148ae0a,Ethereum
0xcf729a9392b0960cd315d7d49f53640f000ca6b8a0bd91866af5821fdf36afc5,BSC
0x362f11c832bd52a8b2a4437bb4a982a6846a036dc59e3285eca4661c2bb6b395,Ethereum
0xfd2e004faeb29bc69652eee77e4d281b32d8f0b222d3b03a3e767e364514f2b0,BSC
0x26f2c673d64ad0556c9d2957bfe99ec6ecf8695ec74d160a02ac0a4e3533fe5d,BSC
0x93372ce9c86a25f1477b0c3068e745b5b829d5b58025bb1ab234230d3473b776,BSC
0xa48a50d761e006ed6ac57beb8e9d81ab09b9dc282fa039520d67df44ee22a829,BSC
0x9303a670465efadf76db93b67c7e68a7d4c6a9bf3c9e97691bf164e468759aa2,Ethereum
0x13e3a15e6136c5da038c8a9222ec74fc92903b92bf10db75a7cdbe68527b234c,BSC
0x6da1868874bdd4feca9033fb3455b6c1c67631615a124611ac0d38713db3dd32,BSC
0xb18543cd79c90ef2ca1e463aaf3760e6e4e731b7fa64a86e6f2538de392d49df,BSC
0x3dd40ea12b37875c264ea9f18ed0892ab1ff8159b7f20f221b7842fd3071a0b2,BSC
0x5efda8a03f49bfc6854982209c6ebe90973aa0d7da5ca4775a00b01818e542b5,Ethereum
0x625417e211fda12158d16ab8bbaf5e52f0af5f131cc704b26b4bf799a39c27a2,Ethereum
0x977f447803b8bb2518e25c6c81e1cef9ade6039392ab61c253c2068dc51f6170,BSC
0x1236f4a6f2c2527d31d6f515786ac825a50f06fa6a81808c00e4733b4ffc4c1b,Ethereum
0x38e164da1a22ab7893964681935df01f515df41ebfcfc245eb5b18ba5a7ad282,BSC
0xfffdfcd542daddc4b1f8fc4f690f6a9949dfd44d9537fab4c5b5d675e62d15aa,BSC
0xfb14292a531411f852993e5a3ba4e7eb63ed548220267b9b3f4aacc5572d3a58,BSC
0x2fcee04e64e54f3dd9c15db9ae44e4cbdd57ab4c6f01941a3acf470dc60bfc16,BSC
0xfd3d91e83c55640d28692293fec508e11dea9ff10579b319d05859b86f7ce404,Ethereum
0xa1cb40f826b1e5dc9306cc57a900497e3ee54b4216c81a0df376ef62d8175b0a,Ethereum
0x98b6ff6cd5eefc96d83abeae8ef858bed264aeb9cda457928b12cd63e64e35d1,BSC
0xdae0b85e01670e6b6b317657a72fb560fc388664cf8bfdd9e1b0ae88e0679103,BSC
0x412efffaa6ac4197cba0a628da769653af1ed60f6b6aa10c39d9d04b3c914114,BSC
0x0b84a56c88e19d06326897481a62a2eb8d994ed55eaf6a68e742a6370cc693db,Ethereum
0xa6f49a6fee164eb109f73b6b461a97766ec09a50fd82c390ca2fce2f736914eb,Ethereum
0x51913be3f31d5ddbfc77da789e5f9653ed6b219a52772309802226445a1edd5f,BSC
0x0b65c081da3bb53c2c90d66e630f2a52520f17c94713ece23e787aafc10ca008,BSC
0xf43ca160ad6d6ea75e4c982ac23cf9827ddd420532df2d18a53f6a6aec0ff9c9,BSC
0x976746bac23ce0a644471f393cafe038c6012af6e5d8d29ffcbd12af4bd8a274,BSC
0xecf332f0c7636490b338acff9ced6a430bea3d0028e2bf4305c15e0760612896,BSC
0x9033a3dc1239ed9e9fd37d0318903dc152c37bd86184c0e1da0282b962c8c485,BSC
0xb072f2e88058c147d8ff643694b43a42e36525b7173ce1daf76e6c06170b0e77,Ethereum
0x0fc5c0d41e5506fdb9434fab4815a4ff671afc834e47a533b3bed7182ece73b0,Ethereum
0x139517174752d7bd1a4bb1e873095fc639cc4696106b9da855924c84970a7f14,BSC
0x0bd1d7e716b410ac13d0ed00296db13bb884575c3d17218b20eab7732ec5a1fd,Ethereum
0x2b7f77bd6b1a7afa31c51471aaa3d19a06b37d0f9f83d3517e1467c7fbeca544,Ethereum
0x2b6d0af0dc513a15e325703405739057f9de6ef3f99934b957653b8a3fade4c6,Ethereum
0x1d7fa7219609d45369f21a136ad7a22a05ae4e631a4db2a0aa8956e146b4fbf0,BSC
0x95889d13128d75a0a9286d8b74f1ddfdb470b042fe9f942a2555c89bfb8f2e4e,BSC
0xe2a2890f23783fb606c0d296158d9052905f16cc929292756ca513fa963b6751,BSC
0x3ed9a9047252eb439f6c4338f3d5575d06bc892ad50e4492080577c1ab2e8d47,BSC
0xdd03d89d28af94fd27722e99d7dbb915a12495312771dd50885f1c246961dd2a,BSC
0x1b8950b268fcbfb3e491af8197a5b9c757b66fc2da6f1317d123ff41245e8b76,BSC
0x1c91b8c24913575ad63367872a71d631773844bf1a0dea6bc67d526172ff1eb3,BSC
0x9debd14d4882ed631dc168120b6be095b16819ae95cc07b275473c59d9868762,Ethereum
0x8d06140fa40d3bd1e228805736fe7eea606497dbb127eb959f12c13c43d1bade,BSC
0x13213f56cd076a942f0fa7ecd871e2c2e6d32888f674515ec2c5d95dce8ee72c,BSC
0xb82f3d780606cd8410445696270508a288cf2a7d683211a4d18179e79b946cb4,Ethereum
0xd5b4d68432cbbd912130bbb5b93399031ddbb400d8f723c78050574de7533106,Ethereum
0x5be2b021aa50499e1f3aa9068cdaaa3d9b17142548fc439079ee39de7d4d4617,Ethereum
0xf4a9cbc0163581a7ad2fb4065658e556de0a252cd127556d47738c1f4d4522d4,Ethereum
0x4c151399b469cb03dedd64f6455bad70255f6af0d0247fffb35d8e748b867ade,Ethereum
0xdd8009e8e5e7b1f64dc9bf440cea103e812cbb665e695dab2f92191a2d9849f9,Ethereum
0xf8e7dd571567e2bcba5f2ffc992826215905be13b5178ef302ac6dabed9754bb,Ethereum
0x485e08dc2b6a4b3aeadcb89c3d18a37666dc7d9424961a2091d6b3696792f0f3,Ethereum
0x69cfa2948338999426419a55c56818aee7a4387beec21b714815d0141c1270a8,BSC
0x3eb68b55f2e9c354aa07ee167c4e3533737d9f56984252f888a8e9904cfcbbff,BSC
0x815add1f493a4391966b9c1f2d0c7091611016de9fbb0d1d50a61c2960d77922,Ethereum
0xb35b221a24e83b67344f49720e9b445f011820bac43ad60db2aebf8a43571f83,BSC
0xcbda63cf4b5e13fb6430d0d812fbbd0560e4e3b3b5479488d3dc694e85209baf,BSC
0xccbd9a91b3bb69bb990e57bcde5ed7ecebaeea948f85119836482c54785aa152,Ethereum
0x35929fb1a38f547d874e865ce53104899757d23f7258ef609d9baa1744846d09,BSC
0x318f21a7db0c4f1b9205ad3b4080ba4ebc96c6feaaec68b781043a43a0283aa8,BSC
0xc5a63f51ab4f98056ab292652cac6ebc550180fb86ae736bb52655ad074be065,BSC
0x813acf545f9cde376841d8b3833b868e366a1ccb64e9aea36eea41623b4b0a25,BSC
0x36a215870f84774ff127f0bc151d4e9a90184af532971754dbd65709f2ee2b4f,BSC
0x526f99378718e678ef460d9bbab175eb65d70412f0207ea9e60a3f5abde5d06a,BSC
0x75a26224da9faf37c2b3a4a634a096af7fec561f631a02c93e11e4a19d159477,BSC
0x22c20be6028db6a1ef19834813c9d68efedeb03437230c4b88e2ce3b2b643c42,Ethereum
0x9f94ac222e5f5854d18bc9c6df02fd60ca968e34fbbd2e12be8006e34a6d2969,Ethereum
0xa34f1df1f808b949dca967fd20bfd57d8e8cd1e8206f98acbe6ca53704704326,BSC
0x1c454668662c36abb083339cceb7527268f7b872a92155397fdd3e5f7a42fe46,BSC
0x7717f97ec22486481234311e69084871ad847cad7065dbe75f1bb61152d1d82f,BSC
0x871302b730ff653ffcf89257e78989580a43a4ce97c6b06b7d9d513918e3d35c,BSC
0x6ed6b605fff2d3ee7aba7a4a1fa0d8b905e23421f4bba32ccbfde30285235cb3,BSC
0x7f13ce4ed95174943b3f22b4c4af06e2448fffae31aa1d8a0c8509ba315f892d,BSC
0x152f267a529903e875ce398dca3058e08eb512ddfba85ae94368a636e69d524a,BSC
0x59fac9017a0dc02f353a325e0ec35f85e463ce27c0e1db38e188911c67226549,BSC
0x9ba5b09cdcc99a8fcff8ba4cec575e7b075ecc20c590d1777988d5db9849354d,BSC
0xbdac4027c38c0a8748f280079e33bd82fb61983daa7534ae48715f5bbda7e5f2,BSC
0xc3aa63304a1bedba696c12569a13ee6b24733de9ce254c570bb6fafeafe84494,BSC
0x9ebe6efd407ca206857d55b7ec679bc8bb547ab401968d730bbee2512e03228e,BSC
0xf598cd977b225c5010aa02586505125ef83cadae020f259e8e79b7e4ac3d59db,BSC
0xd592f66561efd2ef7dbeb849f917bc7c9146af70583b9f9873c543f640dba820,BSC
0x3c2d6449c87584dbc6399a21226b824da67963862d50a8d36d0ba31bd658ccb8,BSC
0x6fffe1622ae4d84d191c8143efae47fceab042cafc8c53725ba372c58e4a292d,BSC
0xf61c49454ec4287db945e34134cac1eeba2d19d3e21302606dc7f00c9c531857,Ethereum
0x3dcb26a1f49eb4d02ca29960b4833bfb2e83d7b5d9591aed1204168944c8c9b3,BSC
0xdfbfb0387129541c65934e71deee404ea70de6629258ae49d9f24bcf6e866ea6,Ethereum
0xb56e984a866afed36ccf28c2a659845f5529d7de3f609d67c16c20e337c106fc,Ethereum
0x573199feba92ab6577847f2baa634ec84845d96474af31ca81a6b82ab3a4178f,Ethereum
0x53eeab4447db331dbb47f93fd58a95d6faa230d559acde0687f8b5f5829e7a45,Ethereum
0x5a27afceeb5e75f894d3b18c82e18e93cab9be9c813f6b4e6e673e40b3df9741,BSC
0x2e88c1705d90be781b353a6b2b2d8b4a8e6f936931ca7a63bcab8ee7afdf9c97,Ethereum
0x26b1e0089fb6edbc0efc8d16b9b10085d02c90f9e6965cb846158b34558a2168,Ethereum
0x2881e839d4d562fad5356183e4f6a9d427ba6f475614ce8ef64dbfe557a4a2cc,Ethereum
0x0874f5808444f6f030e60d768f4dd6b5b815cefdac17a6930038f17f679d4aa1,BSC
0xfeedbf51b4e2338e38171f6e19501327294ab1907ab44cfd2d7e7336c975ace7,Ethereum
0x2a15e623ed24455dbd7143168b63ec9c1c4c0ce102a7cf4b4e8e6850b27e0854,Ethereum
0xd2a5c9df31cb2b2d49ea6349f5b89ad9593bfe9b57169f18e63bf588263a3853,Ethereum
0x3e9bcee951cdad84805e0c82d2a1e982e71f2ec301a1cbd344c832e0acaee813,Ethereum
0x210ca8b12d1763307636982a0972437009ec7f65626db23c8b2b2a0a308bcf61,Ethereum
0xb3456a338d7b3e7936a4d08b34e265818c116b7871baef8df1492a35f9f3b1bc,Ethereum
0xbc08860cd0a08289c41033bdc84b2bb2b0c54a51ceae59620ed9904384287a38,Ethereum
0xbf5b2d22fa88965ddfc6e6d685fc7cfc683340c49e126386759ed9e4027b1415,Ethereum
0xbc1f03f9b9228049fb73b52014d9662f3ce1cf226264dafb05c2331d7fb0dc9e,BSC
0xcf22fc1ed9cb46b8e36bbf0ff7fdc28784746b7276f779ea6d6d18b9e8b6b9d3,BSC
0x2496a7f7e9a80e31cce28cd2f808b66c87315a908769f7ea5e6b58f21f926ba9,BSC
0x5749cf20caa3d96e5265ce5b85a943da38d86e27ee83a075e1e8f30a773f4825,BSC
0x35360138c48f851619b688e32bfe0664b065600edb16d233759bdff8b90b88bd,BSC
0x0993112a6f62376088bda4df18a2087e4cd8787df6425656d1d4e12df1c29d91,BSC
0x31b748fc27df808fd6b25180d46cdd0340fedde0a2443a75fc538a23a1373824,BSC
0x7a44921db9e48b56d353cc421783c5ddd61ade2daf35a2d2ad555a5b10f2348d,BSC
0xdcc870747012965f5325a52ba21cb44d3b0297cb14df97aab8e69d33b438a8af,BSC
0x58f21a46d4a57cb67833b637f5fd7715e12d2b8d047a6a1ed8170ff02406e4c7,BSC
0xc820a70e581ecd1c35e74861155e3532938935734b210c1658611c0c4e64f515,BSC
0x6993eceaec0809a9c64c0e8ca03d856d48d1696e1f00a0b178888b07250b1a6b,BSC
0x072600ea1f016d0a4a40751b4b51354ba7da31af19116175782087115577141a,BSC
0x2b1cdc11b1cb859f70df7ac04e8f888f9f463e4cddedc7117551f989236bfabc,Ethereum
0x2e125b2a538681a5d6f8b808ca27b7803ccc5a3465d1abcfc0b016364d2704ea,BSC
0x35352809addea236610033caecaa6e7bafa980084714b223d29b89a7517caeaa,BSC
0x2af94d5067c9e6a697380bb18a5a7161dff89dc89fa0d6c3ddaf05301057a439,BSC
0xba848098abdcae2160c071d4ed98e9a908daafd841fce14f31640f3fe76658ee,BSC
0xd7d2e5f90d8ffeb2f9c5ca32c2b97c6d3655c34800c1589b6956acc1341f0623,BSC
0xc9adc2a2af7f00a9fa25b220e493aca228017548cd49c68d9e544370bf453f1b,BSC
0x86cd7159016e0634702af4535b0aade51273eb3b9394a50e65b164274c72acba,BSC
0xd0030ad577a3602e981e66cdff912f25e37eca896864e8f501edd35f11a3bcd9,BSC
0x191a34e6c0780c3d1ab5c9bc04948e231d742b7d88e0e4f85568d57fcdc03182,BSC
0x94a69463b1777a609bbc70ab66abf7d3c51ddd604f6b3b20c00d5995e910de72,BSC
0x47a29ccec769dd09b04ddacac575af0d9426d987ad32c056a0486072a836de84,BSC
0x211bd6271dd9bc079d7a750c0748f5806abfaa71b9e7844eb170ab75bf44151c,BSC
0x19ef4febcd272643642925d5d7e9ab8fd3ed8785c5e3268f5b6fee44ae6b4a34,BSC
0xf7c21600452939a81b599017ee24ee0dfd92aaaccd0a55d02819a7658a6ef635,Ethereum
0x063c5cb27b1ab03342b3a43b8e52f2cc911840776e6ada9ebe236845c61b61a9,Ethereum
0x73f33ac57c1c8151a61b88d584dab4207844e12b58ac06f7fdf84a59c2499c48,BSC
0x0a690945b077c22dbbeede259800bb5b89bff5e9f255807fea33a76a3bf9eb93,BSC
0x9d6d355db13361c0862f7d51913d7d31ea724dc25228782ea052f955a1d5b79d,Ethereum
0xf576ad36e9e98239abf886c4fa1b9dc7f5694b29438ba3f88e2244de6c877244,BSC
0x2827ddaefdaf16b5ddf3f68b662f04b69531e75bbf36b108139c14551b00cd55,BSC
0xb3c3ec1bcda47025bea9223383e2143ec04a96c50a32c18553e6415483eddcfb,BSC
0x74f1b9b5c0184cff3b90806f74f7614d7a5f79908f3fa0392d3ab18664556cd9,BSC
0x090496aea555488058f5ecfb37f1cbf59b9449fe996fad98bcbf62de3b6d83d1,BSC
0x1198af05da1986607f23b6e30c49d074ae3c3134c07237aecc1bb0fb73c9c074,BSC
0x56759b5ed94a6419de34af72da9aad20fa36eb53c20b7f8259cf972b49552104,BSC
0x4d807d5ba938f5c8af803c1f07db525d9c81017b25536de5c53c79476fec7a0c,BSC
0x3808aa00a7dc98eccd766ad705c6b46c68b28db288f295016d4f746cab75135b,BSC
0x02dac20b465795f634e8cecb343cc11511baca7d6a451f150bdcfc57a1bcf88f,BSC
0xb252682e305ca800c420227e4b70b7dceab85f852ccba6ec804d5449c831ea7e,BSC
0xab8684fa7732c887e5a06977b5f3fd035ce25b60d42bba09ad25cf9ebc200252,BSC
0xe2b859e5715267894cf525108e36a9f474df776dee05eb0a86fc566f7e2ff6b6,BSC
0x75c68b61b087da09be875871f603afe320797b5a84d642b70c71fe8677279c9b,BSC
0xbb2bbc5c2603888f0bcc73e9f9bad7a2ab0a54e47244afdbddea8c9343a50893,BSC
0x797be393ca93740af573bbbf394a4a15b28dbf9a7de3b0fbd77ca2769650cad4,BSC
0x80ca2f441daa9db62dcb8b7198621f395b70aad692313fdd5cb2cdfd1551b17b,BSC
0xcd6c8eb681b76f739f5b4a1098bd614a9eb8cf13935a0cfdfd8e583fe88e664d,BSC
0x3aa409f93722a4cb00dabc4170fb0edee1530966d1cdc088e78f371616ff115a,BSC
0xa3443206ab5a5e44cebfda26a9d78c46c238c9cf0d679cf3218263656d9bf1f4,BSC
0x2e4a399253e630545cea40c60ecd444a8eb65204d9fabfe63fd6326d83c9ea9f,BSC
0x50a8e1632ca2fe578c74e7295acff44330b189d829150cebf998f9279b07d98c,BSC
0x97101057a1416692d043029c307761bb728d3c30bf1765e9643ad7b5ccd1804d,BSC
0x6799710484389167ae889b314e7f6469b5070f6dc24e7f8adf51d51a4e5d22f7,BSC
0xe361814f0fe8f6ff449ef0f5e6e139805c96c6ca9d224400076a489b13ff826a,BSC
0x6ff6bc12ded120e7118e05348f7a4dd400fd329ecb4a71a7232a6666ac3c828d,BSC
0x7325faf8fb69ad1dc682cd88a8635f37c1dbebb4d1cb524f04fe2f0bbb1b5aaa,BSC
0xe271bde8e547d98bc5c733d7569256f37f560b65fbe50c606aea34f4d97fbdd8,BSC
0xf8846d815a6c98a2bbade762dd2fe2624a63287418788bdad692872b3061f0bd,BSC
0x523ac1a67d59387ce7ffbaa661170e55046840d64a16378ffc59d6edbfb7c73b,Ethereum
0x4f4d6909a442b4d86f79a9044dcada6a128ddd9f62c26f410134a72d2fc31389,Ethereum
0x33f6adf410bbd0ae08b0cd44410de1e5b28e516434567113982fcac36ed9e1a4,Ethereum
0xcfe1d2b333e1b9da5e2d5f1d7697b628c818cc41f9f3020187d4ce2c2610a05c,Ethereum
0xc49499325cb5ad3bf4391ae95855ce2ee2b0222f9282c524daa1c4586a8fcd8b,Ethereum
0xa9948c8f0500a867091a090d12125f88868ac29e52af6391569094e82d416904,Ethereum
0xffb4bd29825bdd41adf344028f759692021cbadc2d4cb5b587e68fd8285c5eb1,Ethereum
0x6cba3a67d6b8de664d860b096c8c558a1d65e5fa9735c657ddc98f67969561a2,Ethereum
0xf4ae22177c3abbb0f21defe51dd14eff68eb1b0c52ac4104186220138e8e5bb2,Ethereum
0xe60c5a3154094828065049121e244dfd362606c2a5390d40715ba54699ba9da6,Ethereum
0xede874f9a4333a26e97d3be9d1951e6a3c2a8861e4e301787093cfb1293d4756,Ethereum
0xc087fbd68b9349b71838982e789e204454bfd00eebf9c8e101574376eb990d92,Ethereum
0x6c6ce35487ffc475bc570f2ceb9624f97bee548c2a7d74c54565045187c8d302,Ethereum
0xcc628da36c339a5f684c6bcfd3ceef82e73fd22685aa102dc69f2c437ef88e98,Ethereum
0x6d859f7a8167262e74b7b69a54e271916044042c6e1f995c858a4bbff43c02da,Ethereum
0xd88f26f2f9145fa413db0cfd5d3eb121e3a50a3fdcee16c9bd4731e68332ce4b,BSC
0x9db226a4c9b1550caed0ad84f3d2f0635d28280fb710ffe1e24b097f11427ec3,BSC
0x0ec22f99f95805afd5c64ba0164a9bb6d8dccfefbf3cc0898fff8b5726f6ba2a,BSC
0x3b32880166e558c89d91d07bd25b83e3f9f7e6c68658743b8f667e903ac36c3c,Ethereum
0x72056e822e0a953187b083a0ab3feee9ffc5d3db700a85d138be975f042b465e,Ethereum
0x97d177b4318bd31ca88fd79df98c30dd05094d2898a34b8cf95067f824caa1bd,BSC
0x2aa77b92c9bfdd1366224eb9f18d168ec90e8325c005531c128ca0e1c76e9b03,Ethereum
0xbe7510a335b4087ac3cd40ac263f2a3c4f7c83d5c3e820fb75e2c61d9b2e9520,BSC
0x7de52aae3dc4b3aaf4560be21d6b88b5b08321d52632c2bee3af0344fbabe0a8,Ethereum
0xb5a6da44a500c75ddbe3c13413ba16beec435a964876b03009c5bc7502b69e0d,Ethereum
0x325999373f1aae98db2d89662ff1afbe0c842736f7564d16a7b52bf5c777d3a4,Ethereum
0x6081664d80593d01a140df84e636bf01fb9bf939a32a3ca58a6a9e54f5e333bf,Ethereum
0x3a66ba40df38ddc1aac72659394f80e127bdd45807a23f26af0700ad13af3e92,Ethereum
0xd944cc4b99a3a5b83ada70b835a3bac12eaec2a48b402e441be6c8d87a14ff50,Ethereum
0x5e939bc9c2f37ece64fe62efc87e98bdb956a3ee082e31ac7d82ba2837c3fd81,BSC
0xe5c27e663503be43967a3f5e397407197386e8f98c517209d3b7137c44312123,Ethereum
0x222001c419b5b66497724b3b1b187833a8069233d76bd172cb7775bb5dbc5038,BSC
0xfdcf99e00699bc04a19f18ac3ef5774acb6a2c65e640cd5221946e9bd24abf9e,Ethereum
0x3e3b6ff118712f1e6de92eea3e6ca7f530f5f365e71f81510f3e9b7e4f67465e,BSC
0x02793586bf1bdb9a29e7ef0a448487f078b074b0be2d09647040eb0f9d8a1a71,Ethereum
0x1b0a28b0c33f71430674c4df727273a9ebf39c7697776a085afcec3a164a5857,BSC
0x1a7ee0a7efc70ed7429edef069a1dd001fbff378748d91f17ab1876dc6d10392,Ethereum
0x5884cab0bfab0287d9e88fc32d8889278abeb371cfa7b7d2f901f816bc7555bf,Ethereum
0xb29ee691e661a54c3e1ca47d57ced27f78a2d59964788f949ad86a50f4408116,BSC
0x17e3765e9d5e0c74d0f796f020668f9e7ba372e98373fbeffd12bb99058db9ae,Ethereum
0x61da9268a85f2ebb5e79b1aa2f6e2352e937d00be91a845ae1b0a594e3ede1a8,BSC
0xb130956062492cad3116a7ed7b8a5945f01f29c97ad0ffad72a1e49da1db623b,BSC
0x6ab4797da58005f87145f6b3acbbdc94345d0fc0292ada668f8a6498ace2b7af,BSC
0xf86cf1941831f87ceba37b228338cd739f821d5ca903734ba701cf4a23091a07,BSC
0xf975c6b747c4eed23fa80f8728a3c6039756355ccc9b4c5b4e3295971275bf50,BSC
0x46c705613b5b56b96a0f4e2d14c4f60be09d07e68ed93a0c3fa71f882ea35b95,BSC
0x65af008f6dc3ae13aa3cb8a8d3b227688698f8dcc017b2f9aabcb2aecbd906b2,Ethereum
0x59c7b0c734a42b858822d90c927f10b7ff373ad80023df5f03bbb7fa8d0abf82,Ethereum
0xb122d7aa711e41de70e5e06e857642f19b8b915f4cfd014b76e8dbd70f7105e9,Ethereum
0xfc3fc513fcd5dc3aebe66ce84c124bda0321928c0c24e209faee158c5ee37266,Ethereum
0x35ae28148897512e79474744c98a362ca263429f9fabf7be76cb3ee7299d991c,BSC
0x3df953cf73f141bada4ab00d09f17177be73dc1a5b33b9103693dc948cefde67,BSC
0x1b74434e58e1a8db9c2b6e50228d7c427c7a4317fb4a4d89f15858406eedb5b1,Ethereum
0x1ba43ed37a9c19ab627b5a6471d4d3c75b458c8329d10bc7eb145bd0978247bd,Ethereum
0x5d877d5abc4f0b973c9827546a298e9ccdfcbe222a9644731c3a7536d0334464,Ethereum
0x3815514d09ab561f8e3cb9aae2a81da2168cbdb5898baa8bca6c096674241b78,Ethereum
0x585ef25286a1478851363cddc6b75f893d1db45d6f677c9e258cb1489db1c3f0,BSC
0xb2d5ebc8d6d1e79d8ae3932f38dc39c6bb18dbc65b15ba3f8e5ffffc001b931f,BSC
0x9f0ec5c0c17074a8da2fd8fd990819c34d582f073d97e4aeb91c2488702e9ab5,BSC
0x4da300faa6b59d1343e99dfe67b085ec2fb75c4431e3b26d1de86d881f5ff3dc,BSC
0x2ddc66a1f06eef9bcecbebdbed6df64c489e780bb25c3dde5e7c8707d72680ba,Ethereum
0xea4fc0ca277a627b7b9d3c4b972454243b3fe336709597f13f8c240ee0cac2c2,BSC
0xa9f64a0229e4bb35d795c28f53c04d479a693a54865e4b1b74e4ad35f0cd09d1,BSC
0xa7788d2377e26ab784732f2fb66448e0259909a98142b78703987d54a24f1d5b,Ethereum
0x30a91f12c49c928295fc03fffb152f31e37611c02010b828adad3986bfcf1187,Ethereum
0x55c65cf4b26eb61717cc9a812d787289ca02c37bf183fbd708a9cf3fa9df7ad4,Ethereum
0x8816a8626402abb6fa3fe8a4e0fb1667e007ffb0e2d05b022e13323b103c978f,BSC
0x820c0a6fe70ca0e77507c9b2fbab96a16e504d6bb36edca97d8ce8a6a31a68d1,BSC
0x8e081f0af925fd5d1083d3c1cb813aee660ff9859de402fc140e4c705c484ed6,Ethereum
0x7ac4a98599596adbf12fffa2bd23e2a2d2ac7e8989b6ea043fcc412a29126555,Ethereum
0x2a5c1b5a46fa5bf1e36ae5b3994fbe33f2ca4cd87630ea46ad69e0e4bcc235a7,Ethereum
0x57d9bffe9fb4346608882926a20abd2756fe9ed297e3ca06a00fc93eeb1722dd,Ethereum
0x2cf743d0f6d60541b8ddad7094554ca3e2823a62717f2b385aec993f8885a037,Ethereum
0xc801606613ccfa4d93556ddea73031572465dc0e6d1540dbfb1c5938aef3e3c6,Ethereum
0xde97f584050768fe5591dd4ba07f7ba10435885d8e359e392409f99196137fd7,Ethereum
0x34e4e7f8da4996109737251aad6c32f9392c29f593df687eeee89aef07627de8,Ethereum
0x327e8ed42b1e6ab0a933c7bd3cb96cf7512f656fda10f8ae743a7be92696177d,Ethereum
0xc2d4d3cff230094ac19d038866ec774ae1795344f1771769116bf2c855213da1,Ethereum
0x63555e97c8cfbaf302ee494908aebb15b3ab6069054fe28de0e9509f488e1170,Ethereum
0xf836a9b398be6f1ac55a58c2f80d99e2f0b408fd55417ed5f7099ba5ed378cb0,Ethereum
0x42c915def3bfb7578fc098e23d6aa962966c6293575b6571400537fce6080165,Ethereum
0x72c5a08a05a668db9008f487adf5ade3bbe8bfde6ead8a3c8bff251ad6487075,Ethereum
0x4771d8cbafc828812fd3ae294ae4fcd6dec731c1f3f1592d2bcd19085c83dfea,Ethereum
0xa53c3e3b704bc5844aa63aa2511b8c1e63feafab7a7123406251aab9ecc203d0,Ethereum
0xcfeeb36ca077b5de57c62e3f9ed8481e73f0ca0410849b9a0ae89067a5ff1bad,BSC
0x0b78960b18438d19a65568247a41b4556bff523daa93221842ce0b1ce6f0fe01,Ethereum
0x791c9c1e0eeead18931ab520ffd66ad0933df2e6e3c16a7d15cd02169b164dde,Ethereum
0xc11e4020c0830bcf84bfa197696d7bfad9ff503166337cb92ea3fade04007662,BSC
0xee6912875e62a70e935e863bff73fbc30e623c2b125c4487f1928ad9d4609e22,Ethereum
0x24df91c871d0417aff170325ff2be28a8fd8b8fea4ccdfee2de6119186ec82a4,Ethereum
0x052abd57dae4c03d14704ada90eae4e184c774dd6567afe33f19fbe01309a1ff,BSC
0x0bf7922bfd7575daab0dc6acf69ccbfda2d374ad10668483e927c6d079b3e983,Ethereum
0xe8ec89bb3f87a655e3b37d0f458e6366f89e62e3a2040d5ae3c955759c9d41ec,Ethereum
0x952c83cabe62d5859ba579be485b54fa319584d12f4d510ef98e958f5a0abc9f,Ethereum
0xbc88aa6057f9da6f88e28bc908baad111ae7545e69fb0c90fbdfd485c9e72192,BSC
0xa0d20fdc5c1dd604f29d6b5e8633bc77058c69c017ade2f7eb774ec3ec926f29,Ethereum
0xc133f13eb98f27c44267392d60dd4e898b76d7a3c48487b2b76f3ec8450a49e9,BSC
0xe0cf2b1f4405b6ccb8b358083f16cd806ceb42bac176195a5efc26f4126f2cb2,Ethereum
0x9a036058afb58169bfa91a826f5fcf4c0a376e650960669361d61bef99205f35,Ethereum
0xfecfafdbf70ff8f39ea56bcb9a1fee9df5be5b9d681b309afbf89c2e5c6d405c,Ethereum
0x5294cebcf7b5d6278c41c713cae8885f758e8b3485e1a451253c31589eeb880f,Ethereum
0xea285dc67e22786e37c71e81c0f9cb08af6610e68caac1338135e5d34bf3dcab,Ethereum
0xbe4764777f8b38e460c6e52273b1f958ebe14b61bed87ae7668205abcdd00822,Ethereum
0x8459fd362d54b33bbb97454b36b8886757890d87d3c25827fc23647caf19537c,BSC
0xff0a3bcacbe7a094c5a798be48c97f2a806e8ba64704baab15aa6f05c3df49b0,BSC
0x6becb186ea8d701b2309da51e3420814036b9324dc56b9fb31bfbf96f7958e60,BSC
0x10d8d19e5ebc07e3afdce85a6ab423ea18fd95097ccd0b55ef038c7a8bc8c206,BSC
0xfea0c4da8c3fea996a987551656c2285fb599f8b2d5afec74b18aae7a6652a6c,BSC
0x22e55dab19f654b2fd026336f1fbe8f332f209dd90bb9d7b2bdca120806546d5,Ethereum
0x5d5055e1aabc4b2c755ef800cb0e6e2cc4707c7066dd6bc11c429d3dab5ca2b7,BSC
0x8b1fd7b967630279f6af6b1042527d1793bdd5a8e08ff9fcde84325c3d911f8c,BSC
0x30e83ba8ec2ce8b906f1bcf4f5ac993f6b498c25391753ae204859217ab2bc9d,BSC
0x4bf30ee4240ae084f631de18667c5658671a4f2108e2db10397c22247adbf98d,BSC
0x840e76a14b40db41e909aca841891effaab348672c24ec3ac0c85608f6351d9c,BSC
0x36d574c49b073eaf51deb87ebf316670e74a01805f9a8657c15b709d71484b22,Ethereum
0x7bdfb8d254ad6adf7ae3c703b8dc9f0765c10bac5a10b2f874df8692eb47911c,BSC
0xbd99051904db7a307c54b89b937b86b791bb88659efa3d7d026feab92cd03eba,BSC
0xcaa96f8373b0e54e750b4c91504261abc9b3fbb4293baf06a3de86d3a9185a0c,BSC
0x3fafe1279230a69b064e8926818d77fcaa9c021644edd87fd6915b8287153e80,Ethereum
0x9dcda952dc4e692794bac72062533e03d9e1a1b5839b773ff0153119e1d16458,Ethereum
0x798a548d87ac6c8643bb94e74501b59dafea99f333dbb44c8fd0e9726f90eae4,BSC
0xe9eefff04322a1e9262aad139e7b03954709a7c2ffea5ba9d1026a24fb58c029,Ethereum
0x2b0877b5495065e90d956e44ffde6aaee5e0fcf99dd3c86f5ff53e33774ea52d,BSC
0x71660254539355683235f71d24fd2e7d774bca7df7d4525e78abb351cc33b9a4,Ethereum
0x9a4325a1cb6bb5f056461f6741e63fcb6cd988b2c42b532ea0f913c90391771b,Ethereum
0xf229701aeccf61af6ca0a4801d54fcbadd7b55b9f0ced7178e784ce6cbdece1d,Ethereum
0x0df3c123322b1fe2a59abfeb3fe41379ee8fd59d7b61a967f01a60dcefb323c9,Ethereum
0x5d6aa02d0310ae9b10c3907fe1aa22cb5b7e1ab875990ca989afc3e48ddddf5e,BSC
0x6929c797c2f48fe79662843efbc64c7defebf89cdb2622500584649f884535ba,BSC
0x4cdb9d7b53190c474697695eb879d73bfd771e22002842c4ce617fab059bd8a3,BSC
0x661aa0d3a9e969db88ff08262cb05ff45b3c6fecd6c53dea2529e45923e59545,Ethereum
0x7b089c8aece6bdcfdd805bb47a59e519d0ae2db530756484d694f0734e86e678,Ethereum
0xef5dfad4a85586a959194dd9226204b7a18c0e0531133460f94988797af4e391,Ethereum
0xdf541d5573f8ab979ad783d22816cc40f583ae86ddbeaccc89af972b2a960e95,Ethereum
0x56816687402997cd54e5040b708b29e6b5cb1ca73c27af70b2338865548e3a41,Ethereum
0x5fc85c8476a40941c617afb9dcde2e0cf3bdc8adcd3cf7be94a2ae4c0b1bca50,BSC
0x952528b44a2092639b4fb6b135617d3016446aebb7841e3ca391d1f6f65a26c0,Ethereum
0x21064ef6e742111f9923c35ecd7621f1a12acae29aa2bc6f72e1dc1c07a201a0,Ethereum
0x1fb274e36fa72f0d117e4f461d1f1be9edf1e9fb982f29120625a67dbc29085a,Ethereum
0xa70157aff89baa59656825d3c018475655dbcb54d4772fe6ea87c3b6a190f568,Ethereum
0x10e3388dc801fbeb9be80687803034047f787cfe78ada237db65a027afb1ca9e,Ethereum
0xe9a87c1a8dd5ccdb02faefd521a00bfe6f2b9e750cd0913b0178f637e1310181,Ethereum
0x1902da967cae3749f5fab3c9527a404333652f9de335622bce0dabb277e6a303,BSC
0xc41da6b82ff007de65fa804d43d47c95fe5bf5b6a46910a332b0325267f4b759,BSC
0xc375ae5678b3060035f71e3872775a9c397cd8f7f9a00dbae7c3370326844498,BSC
0x93c540c23167fb3af724e8e00feadde3f89953ffe79cac7d3f2d9c2d351c1cef,BSC
0xc20aeeb7d81ee078082b63400e70fd5b136f72cd2c9604c36f8c778b028c895d,BSC
0x0e9046a043d928362476f8b298535187ffe8abb25583fa9434d0ced103406f71,Ethereum
0x4535a379f2293b68f4ef6c7d8332725e1b7ad867f9c69442b82977441d6f23c2,Ethereum
0x39fb8a650f38f2c17a6238bf736f36890e0d7e1cc96730f1be98a54054bab82e,BSC
0x0eb514f9016064e9a6e226dfcf2a6c1ac30d9199501b650d673f9559297ece88,Ethereum
0x4ee5b564df9499b0160e25ad2d9baed0f004da1637836475d37b15bbf87a1708,Ethereum
0x6f41c3dcd26b3121a99e32a85baf20c7d1a6adcd7f53ddc0b6b6cf81e32b5032,Ethereum
0xfec89d0a7cea9a09b4bc3db22a4769b3f4970717c603b4c4f6bdc885e58fa939,Ethereum
0xd841d0b8c6d1937d268501f0da70f2159380e3fc461085c0bda1a417d01a84e0,Ethereum
0x7930e59a4e0516f4b112d223cb5359fe53b1ba4b44cdbbb8757748e8ac3791a5,Ethereum
0xaa7980836da9595db17fc5abfa68ac3e5d4314d5a6be9cce6b1058f4d738cafa,Ethereum
0x26be58396498ea1f4e5170392495b5881edf542aa03d0333488ae225aceebc15,Ethereum
0x5d316553687f52fb9d40c986b4dbb3f9811ba4a8a93020a2a8ae1dcf6d264463,BSC
0xe39e25a3f607e08d406c7019d35c86f6daec4e8799954512b943ac517e9e5efc,BSC
0x706cb5b43e5991de576ad4c7e769c443bf73aa4697fd3b8b88c4810275b3213f,BSC
0xcbe9589f2233d517a8750f96f64d4bbfbf13f7243464662c353266dd6835e62f,BSC
0xaa50d0d70204c03174e860c3ead0e9632a13eda86e5f948be62dc024428610b2,Ethereum
0xf714561b596ed1648f831c6013259839c7aad1f6962ac5bbaad1dc8bf3f9c045,Ethereum
0xd656fc99a191d15605459013887014f9d096b4ce22c600b0f46ecd59c9d58a25,Ethereum
0x94954a41a43b5f84b80452683b0194e4566c5a20567a485540324268bb3b2388,BSC
0xe0725362fd774de0d8416d5e3d028063508ffa61f68087c576320e42159677a9,Ethereum
0xa580f8ebf9eabd25bc453dc78759d1d7fb285c4a5d0bbca9abbd3a4f459665e4,Ethereum
0x00b375f8e90fc54c1345b33c686977ebec26877e2c8cac165429927a6c9bdbec,Ethereum
0x66dee84591aeeba6e5f31e12fe728f2ddc79a06426036793487a980c3b952947,BSC
0x1274b32d4dfacd2703ad032e8bd669a83f012dde9d27ed92e4e7da0387adafe4,Ethereum
0x98610e0a20b5ebb08c40e78b4d2271ae1fbd4fc3b8783b1bb7a5687918fad54e,Ethereum
0xf2a0c957fef493af44f55b201fbc6d82db2e4a045c5c856bfe3d8cb80fa30c12,BSC
0xad818ec910def08c70ac519ab0fffa084b4178014a91cd8aa2f882d972a511c1,Ethereum
0x0788ba222970c7c68a738b0e08fb197e669e61f9b226ceec4cab9b85abe8cceb,Ethereum
0x878d8986ed05ab32cc01e05663d27ea471576d2baff1081b15ed5fb550f9d81b,Ethereum
0x3b19e152943f31fe0830b67315ddc89be9a066dc89174256e17bc8c2d35b5af8,Ethereum
0xd493c73397952049644c531309df3dd4134bf3db1e64eb6f0b68b016ee0bffde,Ethereum
0x2e7dc8b2fb7e25fd00ed9565dcc0ad4546363171d5e00f196d48103983ae477c,Ethereum
0xc93eb238ff42632525e990119d3edc7775299a70b56e54d83ec4f53736400964,Ethereum
0x37d921a6bb0ecdd8f1ec918d795f9c354727a3ff6b0dba98a512fceb9662a3ac,BSC
0x62dba55054fa628845fecded658ff5b1ec1c5823f1a5e0118601aa455a30eac9,BSC
0x8b74995d1d61d3d7547575649136b8765acb22882960f0636941c44ec7bbe146,Ethereum
0x33d666fcd9ce5fa58bf983a73792e6c63c7378022b51bbadf6724f3bf9f9e160,BSC
0x8d35dfd9968ce61fb969ffe8dcc29eeeae864e466d2cb0b7d26ce63644691994,BSC
0x16d75e421ebf7a21737b6c5d7cea1c5274d315b95a1d5db5841fd7194876cc31,BSC
0x7b188476fd76a584f1ee3ba7eabebed4e5f27c05c9f5489f15bdc7b492549c6c,BSC
0x258e53526e5a48feb1e4beadbf7ee53e07e816681ea297332533371032446bfd,BSC
0xcb0ad9da33ecabf75df0a24aabf8a4517e4a7c5b1b2f11fee3b6a1ad9299a282,Ethereum
0xefc4ac015069fdf9946997be0459db44c0491221159220be782454c32ec2d651,Ethereum
0x93a033917fcdbd5fe8ae24e9fe22f002949cba2f621a1c43a54f6519479caceb,Ethereum
0xdd7dd68cd879d07cfc2cb74606baa2a5bf18df0e3bda9f6b43f904f4f7bbdfc1,Ethereum
0x88a6c2c3ce86d4e0b1356861b749175884293f4302dbfdbfb16a5e373ab58a10,BSC
0x7fef7c0da501130a44e87c0cd0aeb2da38cc49cd0228c7fcc601be747733064d,Ethereum
0xd87cdecd5320301bf9a985cc17f6944e7e7c1fbb471c80076ef2d031cc3023b2,BSC
0xe855cc3bad87933bf742fd474bd0ae0ec58d45e9c1a0643b9700dafe8faf0864,Ethereum
0x800a5b3178f680feebb81af69bd3dff791b886d4ce31615e601f2bb1f543bb2e,Ethereum
0xf0a13b445674094c455de9e947a25bade75cac9f5176695fca418898ea25742f,Ethereum
0xdedda493272b6b35660b9cc9070d2ea32ee61279b821184ff837e0a5752f4042,Ethereum
0xeb87ebc0a18aca7d2a9ffcabf61aa69c9e8d3c6efade9e2303f8857717fb9eb7,Ethereum
0xe968e648b2353cea06fc3da39714fb964b9354a1ee05750a3c5cc118da23444b,BSC
0x354da299a497cfb606cb98410e4406eee2ece45d4f79d8a51780125f4264cd2a,BSC
0xff5515268d53df41d407036f547b206e288b226989da496fda367bfeb31c5b8b,BSC
0xd92bf51b9bf464420e1261cfcd8b291ee05d5fbffbfbb316ec95131779f80809,BSC
0x943c2a5f89bc0c17f3fe1520ec6215ed8c6b897ce7f22f1b207fea3f79ae09a6,BSC
0x578a195e05f04b19fd8af6358dc6407aa1add87c3167f053beb990d6b4735f26,Ethereum
0x098e7394a1733320e0887f0de22b18f5c71ee18d48a0f6d30c76890fb5c85375,BSC
0xb77cb34cd01204bdad930d8c172af12462eef58dea16199185b77147d6533391,BSC
0x49a3038622bf6dc3672b1b7366382a2c513d713e06cb7c91ebb8e256ee300dfb,BSC
0x906394b2ee093720955a7d55bff1666f6cf6239e46bea8af99d6352b9687baa4,BSC
0x65fa5b475f34a954a10f88f2c84f316a048a0e67d273c7abb098717b1a4a46a3,Ethereum
0x5bcaccd71e6189a4425dad2ab248e0a2dde4964de61bd8e9e2655aae9fab8c00,BSC
0xb846f3aeb9b3027fe138b23bbf41901c155bd6d4b24f08d6b83bd37a975e4e4a,BSC
0x7394f2520ff4e913321dd78f67dd84483e396eb7a25cbb02e06fe875fc47013a,BSC
0x688ec82fad072b8866cafda9cdf7b03fe1d61627c8d21c316b481b04594322db,BSC
0xd55e43c1602b28d4fd4667ee445d570c8f298f5401cf04e62ec329759ecda95d,Ethereum
0x04c2c81dbd17a17b5eb50ec72678071328a61afe2cf07350cbca9a14a978fba6,BSC
0xea3480f1f1d1f0b32283f8f282ce16403fe22ede35c0b71a732193e56c5c45e8,Ethereum
0x7ff1364c3b3b296b411965339ed956da5d17058f3164425ce800d64f1aef8210,BSC
0x48e52a12cb297354a2a1c54cbc897cf3772328e7e71f51c9889bb8c5e533a934,BSC
0x39718b03ae346dfe0210b1057cf9f0c378d9ab943512264f06249ae14030c5d5,BSC
0x8a8145ab28b5d2a2e61d74c02c12350731f479b3175893de2014124f998bff32,Ethereum
0x7f031e8543e75bd5c85168558be89d2e08b7c02a32d07d76517cdbb10e279782,BSC
0x3757d177482171dcfad7066c5e88d6f0f0fe74b28f32e41dd77137cad859c777,BSC
0x8b3e0e3ea04829f941ca24c85032c3b4aeb1f8b1b278262901c2c5847dc72f1c,BSC
0xb2e3ea72d353da43a2ac9a8f1670fd16463ab370e563b9b5b26119b2601277ce,Ethereum
0x3ed75df83d907412af874b7998d911fdf990704da87c2b1a8cf95ca5d21504cf,Ethereum
0x160c5950a01b88953648ba90ec0a29b0c5383e055d35a7835d905c53a3dda01e,Ethereum
0xce0935010baf445e300d4d600caac7fc1fecb5ccb092cdbef57904aa7e5408b2,Ethereum
0xed348e1d6ef1c26e0040c6c3f933ea51f953bdbafad7fb11c593f6837909c079,BSC
0xc8db3b620656408a5004844703aa92d895eb3527da057153f0b09f0b58208d74,BSC
0xb1fe26cc8892f58eb468f5208baaf38bac422b5752cca0b9c8a871855d63ae28,Ethereum
0xfefd829e246002a8fd061eede7501bccb6e244a9aacea0ebceaecef5d877a984,Ethereum
0x7f183df11f1a0225b5eb5bb2296b5dc51c0f3570e8cc15f0754de8e6f8b4cca4,BSC
0x05d65e0adddc5d9ccfe6cd65be4a7899ebcb6e5ec7a39787971bcc3d6ba73996,Ethereum
0x51cbfd46f21afb44da4fa971f220bd28a14530e1d5da5009cfbdfee012e57e35,Ethereum
0x9f5b02cb1ce2d75ba457a2d152d89b6d3932ff057c03739a0071fb816e0ebab3,BSC
0x958236266991bc3fe3b77feaacea120f172c0708ad01c7a715b255f218f9313c,Ethereum
0x21e5e6ee42906a840c07eb39fb788553a3fbb5794562825c2a1d37bfc910e5f7,BSC
0x8432c1c6613995eeea8a3ae2cfeb9577913db6b7b35dbe26a8c56c02066096e6,BSC
0x927723660249253399e54c192a5f989ceacf46fbb967ab364d4405155539bec8,BSC
0xc346adf14e5082e6df5aeae650f3d7f606d7e08247c2b856510766b4dfcdc57f,BSC
0x9b16b1b3bf587db1257c06bebd810b4ae364aab42510d0d2eb560c2565bbe7b4,BSC
0xfdc90e060004dd902204673831dce466dcf7e8519a79ccf76b90cd6c1c8b320d,BSC
0x77cf448ceaf8f66e06d1537ef83218725670d3a509583ea0d161533fda56c063,BSC
0x13d19809b19ac512da6d110764caee75e2157ea62cb70937c8d9471afcb061bf,BSC
0x8c96b3314e30cf62bdfd4f94df38a2f040e171e849208b328dcd4ac2cdbcb748,BSC
0x1a7ee0a7efc70ed7429edef069a1dd001fbff378748d91f17ab1876dc6d10392,Ethereum
0x2b023d65485c4bb68d781960c2196588d03b871dc9eb1c054f596b7ca6f7da56,Ethereum
0x8e47bdfbf0ba217498beb985418d1e79c35d6404b031748933e0c26bcf3bf68a,BSC
0x4f2005e3815c15d1a9abd8588dd1464769a00414a6b7adcbfd75a5331d378e1d,BSC
0x0507476234193a9a5c7ae2c47e4c4b833a7c3923cefc6fd7667b72f3ca3fa83a,BSC
0xcd314668aaa9bbfebaf1a0bd2b6553d01dd58899c508d4729fa7311dc5d33ad7,Ethereum
0x4e06760884fd7bfdc076e25258ccef9b043401bc95f5aa1b8f4ff2780fa45d44,BSC
0xec317deb2f3efdc1dbf7ed5d3902cdf2c33ae512151646383a8cf8cbcd3d4577,BSC
0xc7647406542f8f2473a06fea142d223022370aa5722c044c2b7ea030b8965dd0,BSC
0xa5b0246f2f8d238bb56c0ddb500b04bbe0c30db650e06a41e00b6a0fff11a7e5,BSC
0x600373f67521324c8068cfd025f121a0843d57ec813411661b07edc5ff781842,Ethereum
0x429a89a748a40258cef66cb1872397595eb4deee56092fe06a84be7fb8f2a40f,Ethereum
0x82152b9d124911006fdc114e94d5bee053e07dcb89e933d267e9b2ce01fe4085,Ethereum
0xc28fad5e8d5e0ce6a2eaf67b6687be5d58113e16be590824d6cfa1a94467d0b7,Ethereum
0x4b4143cbe7f5475029cf23d6dcbb56856366d91794426f2e33819b9b1aac4e96,Ethereum
0x70f367b9420ac2654a5223cc311c7f9c361736a39fd4e7dff9ed1b85bab7ad54,BSC
0x7d2296bcb936aa5e2397ddf8ccba59f54a178c3901666b49291d880369dbcf31,Ethereum
0x923ea05dbe63217e5d680b90a4e72d5552ade9e4c3889694888a2c0c1174d830,BSC
0x6c9971c80867d80ae2b1395bf7c9df9ffe7f110bd4eacab0d3c6948156873ae1,Ethereum
0xd02e444d0ef7ff063e3c2cecceba67eae832acf3f9cf817733af9139145f479b,BSC
0x192e2f19ab497f93ed32b2ed205c4b2ff628c82e2f236b26bec081ac361be47f,Ethereum
0xea95925eb0438e04d0d81dc270a99ca9fa18b94ca8c6e34272fc9e09266fcf1d,BSC
0x8527fea51233974a431c92c4d3c58dee118b05a3140a04e0f95147df9faf8092,Ethereum
0x8769f7ee2c8e010fc8791bd0e42569b7ced9b2f67b721e6f0c6a6435b4d6670f,BSC
0x1b698231965b72f64d55c561634600b087154f71bc73fc775622a45112a94a77,BSC
0x44aad3b853866468161735496a5d9cc961ce5aa872924c5d78673076b1cd95aa,Ethereum
0x640ce34ce69ff5a034edc6df6e43fd80cc08d02a36d262e131d37ead990fff29,BSC
0x0eb55e02bce39ec1d2d2e911eca7dcca54e74841b53412c078185e43c5a2a551,BSC
0xf3158a7ea59586c5570f5532c22e2582ee9adba2408eabe61622595197c50713,Ethereum
0x0016745693d68d734faa408b94cdf2d6c95f511b50f47b03909dc599c1dd9ff6,Ethereum
0x924e6a6288587b497f73ddcf6ae3c184f15ab35dfcb85f3074b55266974029ef,Ethereum
0x7e6c4ad79eb5c348ae36dc47d60b375865a3cc771ad8603f9c92744ff2440047,BSC
0x10236426cbe9a6380b7990150013125a623784ed1002fe3e34d07ff89ffa2619,BSC
0x31262f15a5b82999bf8d9d0f7e58dcb1656108e6031a2797b612216a95e1670e,BSC
0xa17bbc7c9ab17aa88fdb5de83b41de982845e9c9c072efff6709dd29febf0daa,Ethereum
0x53d6897f2c93e0067eccbf7b6b8b10aecf58c0f361dd33740c386117588d1838,Ethereum
0xa62c8e850a527df83f0f68d6116b71984320ad261b4266b655ad958a3cc1ddec,Ethereum
0x31fdf621f60684579de00f30b33fa051c19f1fd45d891c817e2a3888a9b75726,BSC
0xba0fa8c150b2408eec9bbbbfe63f9ca63e99f3ff53ac46ee08d691883ac05c1d,BSC
0x6450d8f4db09972853e948bee44f2cb54b9df786dace774106cd28820e906789,BSC
0x0220704a99ddfb982d26e65cc337f26b77dc057930b7aa1d848cc48ec77984a8,BSC
0x7c3b7f082a5c92b03a878ff5d7c7e645ce3bcd37901808b936b318c4f3cc3880,BSC
0xf598e092ab82ce08798f9dab7ea6ade64f152aa91db897f3449b23ab591baa1d,BSC
0x1751268e620767ff117c5c280e9214389b7c1961c42e77fc704fd88e22f4f77a,BSC
0xac8a739c1f668b13d065d56a03c37a686e0aa1c9339e79fcbc5a2d0a6311e333,BSC
0x8e20a1118a669d03b66c5eca2d937646bd855a998afb1e94b94ff6303456ff97,BSC
0xfbe65ad3eed6b28d59bf6043debf1166d3420d214020ef54f12d2e0583a66f13,BSC
0x47a355743456714d9abc23e1dff9e26430e38e84cc8b8e0a0b4ca475918f3475,BSC
0x897c2de73dd55d7701e1b69ffb3a17b0f4801ced88b0c75fe1551c5fcce6a979,BSC
0x603b2bbe2a7d0877b22531735ff686a7caad866f6c0435c37b7b49e4bfd9a36c,BSC
0xb64ae25b0d836c25d115a9368319902c972a0215bd108ae17b1b9617dfb93af8,BSC
0x5a504fe72ef7fc76dfeb4d979e533af4e23fe37e90b5516186d5787893c37991,BSC
0x98f623af655f1e27e1c04ffe0bc8c9bbdb35d39999913bedfe712d4058c67c0e,Ethereum